epoch,train_loss,train_mape,train_mae,train_rmse,val_loss,val_mape,val_mae,val_rmse,val_r2,val_mape_h3,val_mape_h6,val_mape_h12,val_mae_h3,val_mae_h6,val_mae_h12,val_rmse_h3,val_rmse_h6,val_rmse_h12,lr,free_flow_speed,jam_density,relaxation_rate,spike_count
0,8.643316015202732,9.636711329221725,3.7819483280181885,7.496169319984505,8.182020277347204,9.128845483064651,3.5842251777648926,7.501635309591852,0.6439789533615112,7.014966756105423,9.05042365193367,12.225031852722168,2.893813371658325,3.5761685371398926,4.554134845733643,5.931923586640689,7.452730372316002,9.368203102522767,0.0001496,65.0109634399414,0.1035928875207901,0.09123384952545166,1
1,8.124343229487618,9.071584045886993,3.5511744022369385,7.392692163915655,8.031710165851521,8.964255452156067,3.5766077041625977,7.366198444014494,0.656718373298645,6.9460853934288025,8.908041566610336,11.864519119262695,2.8725578784942627,3.553086996078491,4.572211742401123,5.893956221434424,7.353017600167236,9.098445767990619,0.00019946344724751873,65.00517272949219,0.10473227500915527,0.059111591428518295,2
2,7.946583279951371,8.872099965810776,3.5295610427856445,7.265793271320914,7.819205599011116,8.720527589321136,3.488734006881714,7.154765812248853,0.6761420369148254,6.887547671794891,8.793295174837112,11.199869960546494,2.841094493865967,3.4682958126068115,4.415038585662842,5.821808283572539,7.140082474347094,8.888296134046385,0.00019664099070198506,64.99652862548828,0.13285081088542938,0.053558312356472015,3
3,7.786585246815401,8.687960356473923,3.500515937805176,7.183209274648654,7.660535371528481,8.53222981095314,3.502586603164673,7.202577119127738,0.6717992424964905,6.842381507158279,8.58045369386673,10.876323282718658,2.830317497253418,3.4799606800079346,4.456960678100586,5.788452610522745,7.123845324731114,9.068981299681065,0.00019146353555111854,64.98540496826172,0.16528896987438202,0.07796429842710495,4
4,7.659212822582632,8.539052307605743,3.4838483333587646,7.154419244193038,7.577467041195564,8.437171578407288,3.4963271617889404,7.218444553535127,0.6703515648841858,6.809797883033752,8.475176244974136,10.70934385061264,2.8430933952331543,3.4819891452789307,4.406822681427002,5.802296203689671,7.176854484759334,9.029910506336229,0.00018405856792372193,64.97006225585938,0.1832929104566574,0.10218280553817749,5
5,7.560006749821219,8.426492661237717,3.4586782455444336,7.111739551405232,7.5030211502651,8.358589559793472,3.441551685333252,7.082692135979539,0.6826339960098267,6.748931854963303,8.380811661481857,10.606570541858673,2.8388402462005615,3.446385622024536,4.2672505378723145,5.799949961479328,7.110239634492786,8.671299600842893,0.0001746084226984604,64.95690155029297,0.19974063336849213,0.13830974698066711,5
6,7.480616964758399,8.339303731918335,3.4352293014526367,7.067357106337974,7.411420799651236,8.255722373723984,3.3663368225097656,6.896787487143726,0.6990755796432495,6.690441817045212,8.281725645065308,10.436291247606277,2.7824501991271973,3.384289503097534,4.136533737182617,5.657450343110899,6.989336065323601,8.355833526253203,0.0001633457938140137,64.93937683105469,0.2071230560541153,0.1696033626794815,5
7,7.400017540722607,8.249977231025696,3.4067790508270264,6.997694725824361,7.39958862988454,8.243775367736816,3.339515447616577,6.800181038634422,0.7074469327926636,6.691766530275345,8.288034051656723,10.379479825496674,2.784701347351074,3.3634774684906006,4.071389198303223,5.634870388703306,6.904158193444544,8.217532919924269,0.00015054800457203917,64.9211196899414,0.21367554366588593,0.19884561002254486,5
8,7.349131378898009,8.194854855537415,3.3861637115478516,6.950345355996848,7.304261648430015,8.13356414437294,3.355956554412842,6.825069206362003,0.7053015232086182,6.635812669992447,8.182210475206375,10.191947221755981,2.7995529174804688,3.373117685317993,4.107889175415039,5.618307243444264,6.89472987939798,8.299611130762392,0.00013653017901710165,64.90203857421875,0.21487128734588623,0.22519396245479584,5
9,7.30271003335555,8.143163472414017,3.3682477474212646,6.906170184334457,7.2723973427178725,8.096987754106522,3.3712246417999268,6.911431073669474,0.6977963447570801,6.612031161785126,8.145637810230255,10.14106497168541,2.804457664489746,3.382838726043701,4.14955997467041,5.707466709409147,7.0018117467421535,8.381008441126543,0.00012163748253685944,64.88552856445312,0.2146080881357193,0.24433527886867523,5
10,7.249796291086126,8.083979785442352,3.345071315765381,6.856870015710777,7.211840157238942,8.03041085600853,3.403104066848755,7.028538159769076,0.6874685287475586,6.556905806064606,8.0886609852314,10.034877806901932,2.8076069355010986,3.4203031063079834,4.198771953582764,5.757430541414198,7.12394331742558,8.577663388365247,0.00010623662274468202,64.87548828125,0.2179868370294571,0.26312461495399475,5
11,7.213179959332879,8.043565601110458,3.3307855129241943,6.826099226187087,7.183937545092601,8.001622557640076,3.315971612930298,6.813159875671133,0.7063291072845459,6.537590175867081,8.047017455101013,10.006067901849747,2.7674551010131836,3.336517810821533,4.046096324920654,5.6371340952202935,6.886894894585113,8.264200646711185,9.070681992117602e-05,64.86638641357422,0.22046343982219696,0.2777605652809143,5
12,7.180010281782099,8.007130771875381,3.315824270248413,6.79608275959351,7.14549594555261,7.963339984416962,3.27047061920166,6.682789507245049,0.7174603939056396,6.519871950149536,8.01495909690857,9.906784445047379,2.741886615753174,3.300239324569702,3.9530224800109863,5.589237033591954,6.808343581803203,8.02813826664192,7.543046935231685e-05,64.85903930664062,0.2220374047756195,0.28856348991394043,5
13,7.148820557058814,7.970698177814484,3.304436445236206,6.775663685402748,7.136691831192881,7.952190935611725,3.2952892780303955,6.7512400865543825,0.7116427421569824,6.509979069232941,8.01873430609703,9.876083582639694,2.758789539337158,3.330883741378784,3.984724760055542,5.604782902565245,6.865425517431559,8.147321820343068,6.07837254884106e-05,64.85330963134766,0.22198383510112762,0.29632824659347534,5
14,7.122510431922056,7.942909747362137,3.2925474643707275,6.752945998827914,7.0897935786337225,7.901068776845932,3.30045747756958,6.786372205920123,0.7086338400840759,6.479121744632721,7.957717776298523,9.803524613380432,2.763166904449463,3.326704978942871,4.001201152801514,5.641761559609144,6.8972974377345855,8.210299596860935,4.712723977314259e-05,64.84992218017578,0.22394198179244995,0.3032834827899933,5
15,7.102351734344972,7.920631766319275,3.2843832969665527,6.736798410211205,7.072360182708165,7.8817784786224365,3.269413709640503,6.716890867418101,0.7145695686340332,6.456345319747925,7.928519695997238,9.80759859085083,2.7549405097961426,3.305159568786621,3.935148000717163,5.633401995960852,6.864035446075469,8.052808984692566,3.479728020810035e-05,64.84719848632812,0.22496646642684937,0.3082675337791443,5
16,7.083564941895837,7.899928838014603,3.2769229412078857,6.723071886210811,7.051053488029624,7.857327163219452,3.289079189300537,6.766955520152231,0.7102987170219421,6.443420052528381,7.91328102350235,9.752064943313599,2.7477097511291504,3.3162238597869873,3.992805004119873,5.607914896636275,6.881220275094035,8.19803739181743,2.4097451318564904e-05,64.84520721435547,0.22518910467624664,0.3116534352302551,5
17,7.069812686685572,7.884623110294342,3.2709429264068604,6.711484307248681,7.051575386299278,7.859163731336594,3.2580246925354004,6.66113760869293,0.7192882299423218,6.445641070604324,7.9102978110313416,9.756918251514435,2.7400341033935547,3.2859301567077637,3.933499574661255,5.575502949424212,6.768620838683559,8.029441540824587,1.529121840249281e-05,64.8436279296875,0.22513934969902039,0.3140096962451935,5
18,7.059456210722898,7.873064279556274,3.2663159370422363,6.700532567507781,7.038930951424365,7.844657450914383,3.2409884929656982,6.6532135964260135,0.7199557423591614,6.440138071775436,7.896225154399872,9.730985760688782,2.7314538955688477,3.273405075073242,3.899580717086792,5.567371935148776,6.782769801970537,7.994723964408642,8.595420140489192e-06,64.84294128417969,0.2255384773015976,0.3155116140842438,6
19,7.055293832870728,7.868900895118713,3.2644996643066406,6.696892248176867,7.034219836289028,7.839810848236084,3.2553069591522217,6.689241556873333,0.7169145941734314,6.435114145278931,7.892777770757675,9.722049534320831,2.7384824752807617,3.2861101627349854,3.924713373184204,5.58433072115822,6.81330236906915,8.05760718633863,4.174929307844956e-06,64.84258270263672,0.2254275232553482,0.3162717819213867,6
20,7.044702053070068,7.8572481870651245,3.26065731048584,6.690187288636339,7.0311206556716055,7.8365229070186615,3.2521698474884033,6.672335535097131,0.7183436751365662,6.434879451990128,7.889866083860397,9.71328616142273,2.7367472648620605,3.282259464263916,3.921313762664795,5.576148444291841,6.795690955146601,8.031925395664693,2.1385930596277667e-06,64.84235382080078,0.22551414370536804,0.3168032169342041,6
21,7.145311977774064,7.966920733451843,3.3040010929107666,6.760691334964211,7.1523377355539575,7.974299788475037,3.3715879917144775,6.935280384647175,0.6957070827484131,6.505271792411804,8.011383563280106,9.95849072933197,2.7865500450134277,3.384808301925659,4.140590190887451,5.684222943587989,7.018807078237275,8.491171347036083,0.00019976141228654173,64.8371810913086,0.22427897155284882,0.33295562863349915,7
22,7.162535161258065,7.98712894320488,3.3134899139404297,6.78407502989394,7.126126005964459,7.944812625646591,3.3258304595947266,6.807830610200837,0.7067883610725403,6.510334461927414,7.98991322517395,9.868381172418594,2.7917797565460205,3.3521676063537598,4.018648624420166,5.696432288749906,6.915004239360313,8.242284692851117,0.00019850237877534418,64.8254165649414,0.22365377843379974,0.35825684666633606,7
23,7.127499183868979,7.946982979774475,3.2976737022399902,6.747077874529884,7.1142601292088345,7.923150062561035,3.3446459770202637,6.9021942519711335,0.6986035704612732,6.509505212306976,7.99141451716423,9.821785241365433,2.7968759536743164,3.377262592315674,4.056899547576904,5.724700999885141,7.025076771381138,8.356409192048995,0.00019617508879859948,64.81544494628906,0.22798621654510498,0.3770446479320526,8
24,7.08099955033491,7.897217571735382,3.2768468856811523,6.7205254626328506,7.046526769422135,7.855857163667679,3.2311043739318848,6.633638328300927,0.7216012477874756,6.434275209903717,7.886803150177002,9.787598997354507,2.727916955947876,3.261507511138916,3.880910873413086,5.562264941103077,6.772749253168101,7.966494252189354,0.0001928050406323095,64.80392456054688,0.22872398793697357,0.397553414106369,9
25,7.069906870949077,7.884585112333298,3.2718729972839355,6.702285536195202,7.051147537411384,7.854394614696503,3.272312879562378,6.759896546875765,0.7109028100967407,6.47045224905014,7.892254739999771,9.745678305625916,2.7594354152679443,3.2931113243103027,3.9559695720672607,5.646151131369634,6.884664505019812,8.15462223340427,0.00018842915722941216,64.79533386230469,0.22510820627212524,0.41116923093795776,9
26,7.050848059475741,7.864347845315933,3.2659530639648438,6.687525098521827,7.006298600502734,7.808635383844376,3.2398836612701416,6.623091224785159,0.7224857807159424,6.419139355421066,7.844230532646179,9.69908982515335,2.7278685569763184,3.256822109222412,3.918822765350342,5.5360889712334025,6.714092396790983,7.998930621199541,0.000183095381684182,64.78771209716797,0.2270328849554062,0.4271525740623474,9
27,7.0135331013623405,7.822723686695099,3.250215768814087,6.661658154061365,6.953759994146959,7.753549516201019,3.22999906539917,6.614055013708703,0.7232425212860107,6.391278654336929,7.789354771375656,9.580648690462112,2.7189669609069824,3.253526210784912,3.889040946960449,5.519480797495882,6.7307983246897605,7.985177374907851,0.00017686215195765687,64.77911376953125,0.22527459263801575,0.44110792875289917,10
28,6.987507770405734,7.795087248086929,3.242309808731079,6.64081686303714,6.94477369650355,7.750815153121948,3.2409884929656982,6.609345275956359,0.7236365079879761,6.392458081245422,7.791756093502045,9.52998399734497,2.716648578643799,3.2544357776641846,3.918635845184326,5.486113965426747,6.715920211672469,8.01583772789722,0.00016979776061910775,64.77342224121094,0.2257501631975174,0.45471134781837463,10
29,6.953805860988597,7.759653031826019,3.229221820831299,6.615674635205864,6.924674902322157,7.723669707775116,3.22770094871521,6.615056186705559,0.7231587171554565,6.3701532781124115,7.7580079436302185,9.529046714305878,2.707869052886963,3.2394495010375977,3.910594940185547,5.492007083018626,6.701965373997957,8.04803446592076,0.00016197960661835874,64.76789855957031,0.22507907450199127,0.4664026200771332,13
30,6.939656855588291,7.74422362446785,3.221937894821167,6.596621498286103,6.935161793007041,7.737025618553162,3.157390832901001,6.485180614018051,0.7339226603507996,6.367722898721695,7.764726132154465,9.574586898088455,2.692605495452881,3.185617446899414,3.7528765201568604,5.487158957204617,6.609381925971548,7.736327631911118,0.00015349334728669592,64.76428985595703,0.22734001278877258,0.475654661655426,14
31,6.921760117943911,7.723270356655121,3.2141168117523193,6.580306826223691,6.862667263678785,7.652949541807175,3.198831081390381,6.537888069377973,0.7295800447463989,6.350567191839218,7.7004507184028625,9.373350441455841,2.7124814987182617,3.2122247219085693,3.8400979042053223,5.485447096845883,6.626514189799731,7.886680296850908,0.0001444319598572209,64.75988006591797,0.22860421240329742,0.48551425337791443,14
32,6.886748180032414,7.686029374599457,3.200119733810425,6.554544622344014,6.881186228878093,7.673007994890213,3.1614830493927,6.508340326452792,0.7320188283920288,6.330510973930359,7.709232717752457,9.475281834602356,2.697930097579956,3.19113826751709,3.7626588344573975,5.490035480600018,6.621829731864353,7.802020315026984,0.00013489472278682826,64.75540924072266,0.22964540123939514,0.49439698457717896,15
33,6.86817632894465,7.666150480508804,3.1914942264556885,6.534470343749358,6.811013878516431,7.601573318243027,3.155456781387329,6.462225973491696,0.7358028888702393,6.311409920454025,7.651150226593018,9.270858019590378,2.6958670616149902,3.1800944805145264,3.7446210384368896,5.474422455725798,6.588745532192625,7.722999298858315,0.00012498612804065645,64.75159454345703,0.23133601248264313,0.5019021034240723,17
34,6.84283350240738,7.638063281774521,3.1815075874328613,6.518817366547282,6.839904002423556,7.630280405282974,3.138392686843872,6.4497679321177,0.7368205785751343,6.3104502856731415,7.676178216934204,9.372590482234955,2.684953212738037,3.161360502243042,3.731920003890991,5.466569563925919,6.5531453624840115,7.733159133439933,0.0001148147362562512,64.74944305419922,0.23486800491809845,0.5088640451431274,18
35,6.824147906532899,7.616700232028961,3.1757638454437256,6.505495242736827,6.8015241622924805,7.590938359498978,3.1385228633880615,6.3531106373577195,0.7446495890617371,6.306660920381546,7.641107589006424,9.254555404186249,2.6916768550872803,3.157656669616699,3.7204134464263916,5.421414314508315,6.451365528901614,7.592790959083481,0.00010449198733050301,64.74656677246094,0.23446716368198395,0.5166187882423401,20
36,6.8015545026503785,7.593120634555817,3.1661229133605957,6.483079454539115,6.755756792032494,7.538401335477829,3.168808698654175,6.4964114333399845,0.7330002784729004,6.260815262794495,7.58185014128685,9.203831106424332,2.698024034500122,3.1913084983825684,3.774416208267212,5.4864574510834245,6.602618432100413,7.803540028025367,9.413097946081652e-05,64.74443054199219,0.23555168509483337,0.5208866596221924,22
37,6.785331645751382,7.574858516454697,3.1596615314483643,6.471452968362554,6.723911478834332,7.503943890333176,3.1155483722686768,6.390613658493909,0.741625964641571,6.247225776314735,7.549113035202026,9.129523485898972,2.6684648990631104,3.1342697143554688,3.6939468383789062,5.415546868801303,6.495061025002449,7.662029467226071,8.38452300175923e-05,64.74288177490234,0.2394343763589859,0.5267601013183594,22
38,6.759945572378801,7.546675205230713,3.1477034091949463,6.4492725760549074,6.697761162272039,7.47394859790802,3.121516704559326,6.398448529542539,0.7409920692443848,6.217386946082115,7.516381144523621,9.112485498189926,2.668565034866333,3.1394670009613037,3.709728240966797,5.423782760545794,6.497256360184731,7.687931203766567,7.374743182416175e-05,64.74030303955078,0.23853842914104462,0.5303403735160828,22
39,6.74508982928679,7.53081738948822,3.1416289806365967,6.435722920581498,6.716993102487528,7.498940080404282,3.190922737121582,6.5828903950596915,0.7258445024490356,6.214518845081329,7.544633746147156,9.152466058731079,2.6884617805480957,3.200117349624634,3.846111297607422,5.487925887905873,6.66654780599811,8.013810634690083,6.394821847063219e-05,64.73843383789062,0.23923496901988983,0.5334252715110779,23
40,6.734070743468994,7.518741488456726,3.1366982460021973,6.42648795743375,6.718439803933197,7.505667209625244,3.0655243396759033,6.253667747052712,0.7525808215141296,6.218907982110977,7.531944662332535,9.174437820911407,2.6476218700408936,3.0913994312286377,3.595484972000122,5.385414856468305,6.397793580236275,7.375638255286899,5.455495218912213e-05,64.7372817993164,0.2399953156709671,0.5370691418647766,23
41,6.716725409349656,7.499515265226364,3.129664897918701,6.412194150654173,6.677702480891965,7.4573226273059845,3.138197183609009,6.466233800708856,0.7354750633239746,6.204591318964958,7.5080230832099915,9.045764803886414,2.674445629119873,3.162194013595581,3.72005558013916,5.461642633190636,6.593746239539064,7.756823089600496,4.567054757067918e-05,64.73602294921875,0.23997052013874054,0.5394150614738464,24
42,6.70589963127585,7.487701624631882,3.1253583431243896,6.4010989437742865,6.673656949457133,7.452324777841568,3.0822675228118896,6.3058481956089345,0.7484346628189087,6.200894713401794,7.495640218257904,9.058284759521484,2.6545846462249756,3.108670473098755,3.622692584991455,5.392632417498785,6.439097382215635,7.49516878290466,3.739234401148414e-05,64.7348403930664,0.24026232957839966,0.5411356091499329,24
43,6.6988020389475285,7.480843365192413,3.121950387954712,6.3954281093531415,6.646748502299471,7.419528067111969,3.0903024673461914,6.346413640393345,0.7451876401901245,6.186426803469658,7.468341290950775,9.002114087343216,2.6579554080963135,3.1181843280792236,3.6404430866241455,5.41374577728438,6.471080415539956,7.571586761467228,2.9811039242057005e-05,64.73384857177734,0.24072575569152832,0.5425461530685425,27
44,6.68505632686105,7.465415447950363,3.115661382675171,6.383637205747941,6.652155921144305,7.4294522404670715,3.084315776824951,6.3196014645623375,0.7473361492156982,6.188387423753738,7.471612095832825,9.013550728559494,2.654115915298462,3.1102445125579834,3.6264705657958984,5.401922886715751,6.449030946784787,7.512161567161133,2.3009695623941674e-05,64.7332992553711,0.24087516963481903,0.5439963340759277,31
45,6.676592772019738,7.456119358539581,3.112243175506592,6.3759205471434734,6.633504282753423,7.4080899357795715,3.1014010906219482,6.3633268107638425,0.7438277006149292,6.175820901989937,7.459522783756256,8.968012779951096,2.6598825454711914,3.126293897628784,3.657367706298828,5.425617608279671,6.493320848164445,7.587710643779236,1.7062830101090855e-05,64.73303985595703,0.24157992005348206,0.5449376702308655,35
46,6.670787783230052,7.449530810117722,3.11022686958313,6.372544357965528,6.633694423819488,7.4072301387786865,3.109384536743164,6.368770772284267,0.7433891296386719,6.180757656693459,7.459685951471329,8.962307870388031,2.659153461456299,3.133927822113037,3.6762688159942627,5.397365082631068,6.4914312369765215,7.6259599925586725,1.2035597776634547e-05,64.732666015625,0.24127760529518127,0.5456765294075012,37
47,6.660868201026305,7.4393004179000854,3.106060743331909,6.361975735572226,6.631041976640809,7.406175881624222,3.0885729789733887,6.342249199491239,0.7455219030380249,6.175306439399719,7.453830540180206,8.965950459241867,2.6528756618499756,3.1126930713653564,3.637927293777466,5.401468621216938,6.471275831601669,7.570188287084034,7.983078059935438e-06,64.73243713378906,0.2413308322429657,0.546173095703125,38
48,6.658722138022356,7.4361927807331085,3.105509042739868,6.361030381906004,6.626893187468907,7.400623708963394,3.080538034439087,6.335608759582001,0.7460545301437378,6.170940399169922,7.448997348546982,8.961539715528488,2.648669958114624,3.105072259902954,3.6255123615264893,5.398766602837094,6.461344289831511,7.559874275817165,4.9496712050539914e-06,64.73242950439453,0.2415371537208557,0.5465265512466431,38
49,6.65405797958374,7.431647926568985,3.1028740406036377,6.356362118852759,6.623455587423073,7.398470491170883,3.077054738998413,6.303322342907251,0.7486361265182495,6.17002435028553,7.445784658193588,8.952363580465317,2.6477272510528564,3.101531505584717,3.6167056560516357,5.387162398450171,6.431895362496312,7.5027557396575855,2.9686118522734583e-06,64.73223114013672,0.24152721464633942,0.5468438863754272,43
50,6.650859350826651,7.4287936091423035,3.101041793823242,6.352334514025231,6.621952857611315,7.394853234291077,3.0984034538269043,6.354672504573376,0.7445240020751953,6.169688329100609,7.445359230041504,8.947397768497467,2.6563796997070312,3.1212472915649414,3.65761399269104,5.404374872381677,6.478770285826154,7.5943934791986205,2.061604902426249e-06,64.73209381103516,0.24137775599956512,0.5467928647994995,45
51,6.786948219340116,7.5763039290905,3.158904552459717,6.459342270663483,6.7898644636262135,7.580682635307312,3.212416410446167,6.579945364496263,0.7260897159576416,6.265179812908173,7.635678350925446,9.26872044801712,2.725334644317627,3.2304251194000244,3.847022294998169,5.564742761306377,6.700706490233826,7.9021776891845015,0.0001998939373405376,64.72581481933594,0.2262129783630371,0.5416516065597534,58
52,6.807896884367428,7.5975701212883,3.1692004203796387,6.4803033385685955,6.756345604950527,7.542944699525833,3.1183371543884277,6.302337927181362,0.7487146854400635,6.271785497665405,7.581936568021774,9.187465906143188,2.6791117191314697,3.1411163806915283,3.6819851398468018,5.370732587289179,6.435207217895618,7.483888996567189,0.0001993334548935742,64.71861267089844,0.23124629259109497,0.5430558919906616,58
53,6.787257327115472,7.575987279415131,3.1611602306365967,6.466709865674848,6.726884266115585,7.50235915184021,3.12945556640625,6.3915901481229245,0.7415469884872437,6.239140406250954,7.547987252473831,9.159131348133087,2.6726341247558594,3.1336944103240967,3.747066020965576,5.426718183986809,6.457536053411046,7.708660991681238,0.00019829390173881358,64.7116928100586,0.23054002225399017,0.5432368516921997,62
54,6.782022551419264,7.57225900888443,3.1570353507995605,6.46263268222036,6.712343796244207,7.492251694202423,3.148019552230835,6.46862173644351,0.7352796792984009,6.222663074731827,7.543369382619858,9.12916362285614,2.6732006072998047,3.161893367767334,3.7652428150177,5.441759567675038,6.576768168874371,7.802780086302273,0.00019678034247473024,64.70452117919922,0.22897768020629883,0.5418935418128967,64
55,6.7620894577413955,7.549597322940826,3.148610830307007,6.443715770493621,6.684795456112556,7.462672144174576,3.143409013748169,6.4312672487848745,0.738328218460083,6.210308149456978,7.504366338253021,9.07721221446991,2.6757781505584717,3.1576240062713623,3.750220775604248,5.418868844776072,6.54943535387516,7.746473432922406,0.00019480015100991642,64.69945526123047,0.22976656258106232,0.5454820990562439,65
56,6.74508609491236,7.5309135019779205,3.143000602722168,6.431130526575675,6.715650212089971,7.493636757135391,3.087567090988159,6.327004265147243,0.7467438578605652,6.215934827923775,7.520590722560883,9.187598526477814,2.6521902084350586,3.1139941215515137,3.650665521621704,5.362338033866676,6.434373114698151,7.5684062498548395,0.00019236297463814047,64.6954574584961,0.23347699642181396,0.5468484163284302,66
57,6.746587368256268,7.531340420246124,3.137859344482422,6.423502694896134,6.762042481944246,7.548956573009491,3.2319066524505615,6.631490443092425,0.7217814922332764,6.259661912918091,7.60132372379303,9.198734164237976,2.7059671878814697,3.2455313205718994,3.9081034660339355,5.484287359075386,6.7433472803901555,8.081113163024837,0.00018948068703770161,64.68833923339844,0.23291519284248352,0.5436875224113464,71
58,6.732275850632611,7.517059147357941,3.134920835494995,6.4222631778019785,6.708038829407602,7.482545077800751,3.1028759479522705,6.350976295211922,0.7448211312294006,6.235360354185104,7.521472126245499,9.12923738360405,2.6725497245788574,3.1348330974578857,3.654723882675171,5.386963416193961,6.477303714465134,7.5708662682843695,0.00018616733042406262,64.68561553955078,0.23483316600322723,0.5457174777984619,76
59,6.717826572968998,7.50030130147934,3.1290557384490967,6.406803758459756,6.699263145338814,7.479442656040192,3.1136462688446045,6.339872932484438,0.7457125782966614,6.21572732925415,7.530733942985535,9.093689173460007,2.6561522483825684,3.132498025894165,3.7021424770355225,5.375280860837482,6.454114787232063,7.601778535037176,0.00018243904713758773,64.68096160888672,0.23421184718608856,0.5451196432113647,77
60,6.704944391301609,7.4859365820884705,3.121934652328491,6.395743933766314,6.69674241317893,7.482763379812241,3.136147975921631,6.428386867235337,0.7385625839233398,6.213048100471497,7.51231387257576,9.106183052062988,2.665452480316162,3.1358249187469482,3.7569286823272705,5.4183982233350685,6.503207075782519,7.782879149468056,0.00017831400099968287,64.67589569091797,0.23361682891845703,0.5453596711158752,80
61,6.6927770140336795,7.4722737073898315,3.1173174381256104,6.38999521747822,6.674486754075536,7.45791420340538,3.0988245010375977,6.322963389727322,0.7470672130584717,6.202070415019989,7.495543360710144,9.050309658050537,2.662935495376587,3.1176934242248535,3.6555705070495605,5.408570072927284,6.4416691880840125,7.550791354106018,0.00017381228882048377,64.67363739013672,0.23633910715579987,0.5470799207687378,81
62,6.685530130875939,7.465247064828873,3.1159660816192627,6.384691837195984,6.627579877961357,7.396697252988815,3.1010398864746094,6.3389688147809675,0.745785117149353,6.17251917719841,7.443530112504959,8.9786097407341,2.657452344894409,3.12127423286438,3.6758499145507812,5.380050770119414,6.475176728535792,7.579900222967102,0.000168955842489217,64.67001342773438,0.23845115303993225,0.5489533543586731,82
63,6.673563491851888,7.451319694519043,3.1087486743927,6.36551334393668,6.657385830609304,7.43836835026741,3.0546395778656006,6.219361855009316,0.7552879452705383,6.196453422307968,7.467741519212723,9.027857333421707,2.653999090194702,3.070817708969116,3.58087158203125,5.356969354635502,6.332817391243793,7.381056287066357,0.0001637683221242401,64.6640625,0.24073682725429535,0.5491201281547546,88
64,6.660227143190761,7.437022030353546,3.105128288269043,6.361236974515826,6.625317375614958,7.39036500453949,3.1004281044006348,6.366244118667364,0.7435927391052246,6.186765432357788,7.4409447610378265,8.944710344076157,2.6477162837982178,3.1164917945861816,3.6907732486724854,5.369983194847024,6.4615482655125955,7.677449176685945,0.0001582750008033236,64.66157531738281,0.24104838073253632,0.5471075177192688,88
65,6.6493512232673355,7.423621416091919,3.0984647274017334,6.345248942560599,6.608212511494474,7.3739193379879,3.0541536808013916,6.277535474184011,0.7506886124610901,6.161733716726303,7.417981326580048,8.943097293376923,2.636296033859253,3.0826101303100586,3.588294744491577,5.355512556234952,6.405294803025999,7.477149741011726,0.00015250264143575626,64.65840148925781,0.24357737600803375,0.5486801862716675,92
66,6.638081786466793,7.412318140268326,3.094034433364868,6.342875302901224,6.6013758182525635,7.377122342586517,3.090409278869629,6.309268842071417,0.7481616735458374,6.157329678535461,7.415565103292465,8.913277089595795,2.6437981128692627,3.106390953063965,3.656412363052368,5.363002250288235,6.436903249988074,7.545555615453274,0.00014647936637614134,64.65619659423828,0.2463851273059845,0.5492199063301086,97
67,6.629886206458597,7.4032701551914215,3.090477228164673,6.331661940764755,6.602992345701973,7.3723845183849335,3.0688886642456055,6.280873453421158,0.7504234313964844,6.155410408973694,7.416722923517227,8.926080912351608,2.6407837867736816,3.0818889141082764,3.631891965866089,5.359520023263347,6.373826461186735,7.511636988472088,0.0001402345204151118,64.65154266357422,0.24705320596694946,0.5460468530654907,100
68,6.621340831970786,7.393723726272583,3.085418462753296,6.322699135102614,6.627368135272332,7.395430654287338,3.0232291221618652,6.171708425857368,0.7590235471725464,6.191247329115868,7.440303266048431,8.94990935921669,2.6208603382110596,3.043255567550659,3.548349380493164,5.30608474240462,6.285959177077028,7.328223124093189,0.00013379852781446,64.65040588378906,0.24918504059314728,0.5479998588562012,102
69,6.611136590733247,7.382003217935562,3.080471992492676,6.309928748065548,6.58482689227698,7.348185032606125,3.0794148445129395,6.342164090365456,0.7455288171768188,6.149599328637123,7.40286111831665,8.87388214468956,2.6419241428375244,3.095804214477539,3.6501405239105225,5.369259985259295,6.453045786817091,7.614710634961726,0.0001272027440831926,64.6477279663086,0.2493971735239029,0.5466921925544739,116
70,6.5951419616128035,7.364567369222641,3.074936628341675,6.304917417585906,6.577733147819087,7.345028966665268,3.05914568901062,6.3062120600939995,0.7484056949615479,6.153394281864166,7.385258376598358,8.8641919195652,2.647210121154785,3.0785136222839355,3.593381404876709,5.385414856468305,6.431268435081996,7.519117023899269,0.00012047930321664259,64.645751953125,0.25083357095718384,0.5471475720405579,118
71,6.583670739821572,7.351641356945038,3.0710103511810303,6.292985420039218,6.541213593393002,7.298940420150757,3.0680205821990967,6.306463698064074,0.7483855485916138,6.144766137003899,7.346531003713608,8.778122067451477,2.6510910987854004,3.0824337005615234,3.619401693344116,5.371462167762345,6.389584183752474,7.5819034555819576,0.00011366096114287375,64.64240264892578,0.24933069944381714,0.5461527705192566,120
72,6.569676511427936,7.337389141321182,3.064046621322632,6.282450850598479,6.5585181803073525,7.325942814350128,3.0717740058898926,6.293387609236988,0.7494279146194458,6.135186553001404,7.366091012954712,8.832309395074844,2.65259051322937,3.09454083442688,3.605825662612915,5.385613187626668,6.423307013201209,7.478626058126262,0.00010678093613909223,64.64120483398438,0.25418153405189514,0.5492112636566162,122
73,6.559704586783832,7.324586063623428,3.059814453125,6.271009913732777,6.5434345929127815,7.309775799512863,3.0242223739624023,6.178226804690429,0.7585142850875854,6.128973513841629,7.352602481842041,8.793018758296967,2.627659797668457,3.0405385494232178,3.5392215251922607,5.30509126949627,6.281601018254746,7.352071000612472,9.987274699553872e-05,64.64012145996094,0.25657251477241516,0.5505573153495789,126
74,6.557401833049754,7.3229193687438965,3.0577592849731445,6.268455113542574,6.555822313956495,7.323511689901352,3.083529472351074,6.322708185101169,0.7470876574516296,6.135112419724464,7.354870438575745,8.835604041814804,2.6471214294433594,3.086670160293579,3.661043167114258,5.361410127162046,6.404666760818916,7.610904860969843,9.297004971531185e-05,64.63789367675781,0.2589358687400818,0.550463080406189,126
75,6.540314262563532,7.304197549819946,3.053107738494873,6.259586763727835,6.507435753660382,7.271158695220947,3.0465898513793945,6.233558390969242,0.7541694641113281,6.104553118348122,7.313024997711182,8.730921149253845,2.633026361465454,3.0636751651763916,3.573371410369873,5.350661242255028,6.352215309894786,7.418509208030203,8.610647354570424e-05,64.63663482666016,0.25950661301612854,0.5514442324638367,130
76,6.538793195377696,7.302375882863998,3.050208330154419,6.251835057753481,6.526065295597292,7.285403460264206,3.0641133785247803,6.323359449322947,0.747035562992096,6.109524890780449,7.338441908359528,8.767230808734894,2.639477252960205,3.0877845287323,3.6041088104248047,5.373424210328142,6.448964401026193,7.563895861218954,7.931545713988988e-05,64.63528442382812,0.2599700391292572,0.5510848760604858,132
77,6.525491973295569,7.28718638420105,3.0432112216949463,6.239063612787122,6.516449338984939,7.280636578798294,3.0246243476867676,6.200299520333329,0.7567857503890991,6.112748384475708,7.321831583976746,8.736974745988846,2.6207103729248047,3.0444507598876953,3.5386462211608887,5.334188194110285,6.316192755455795,7.371528454987834,7.263008564716735e-05,64.6347885131836,0.26219767332077026,0.5520215034484863,135
78,6.5160921384943995,7.277434319257736,3.0401580333709717,6.2336908792094485,6.495994410424863,7.259543985128403,3.0428380966186523,6.263260164400237,0.7518212199211121,6.095379218459129,7.29709193110466,8.71448889374733,2.6290316581726074,3.059290647506714,3.5701770782470703,5.342859383590613,6.3740003213394605,7.48998787485524,6.608292952543799e-05,64.63288116455078,0.26453182101249695,0.5524429082870483,136
79,6.50605395005986,7.266947627067566,3.0353991985321045,6.221842394694985,6.502477447941618,7.257314771413803,3.0008585453033447,6.164357380165462,0.7595973014831543,6.105974689126015,7.296156138181686,8.734863251447678,2.617032051086426,3.031912088394165,3.4873852729797363,5.312458172801792,6.303413423096307,7.290055480243569,5.970588586120911e-05,64.63288879394531,0.2655256390571594,0.553642749786377,137
80,6.505383764358765,7.266520708799362,3.0342061519622803,6.2192069801081376,6.494267702102661,7.254648208618164,3.0052735805511475,6.155901129272538,0.7602564096450806,6.11269548535347,7.295332103967667,8.684664219617844,2.611309766769409,3.0211727619171143,3.5113306045532227,5.28666725184344,6.260042895575346,7.335869899515475,5.3530022970194524e-05,64.63153076171875,0.2670140266418457,0.5535063147544861,139
81,6.490335747519916,7.248880714178085,3.0282397270202637,6.206235014713939,6.489062723123802,7.244885712862015,3.0473315715789795,6.255760589877248,0.7524151802062988,6.09608069062233,7.290454208850861,8.693379163742065,2.638885021209717,3.064291000366211,3.5794384479522705,5.359271790870283,6.3682325757556955,7.465827146518292,4.758542903560374e-05,64.63090515136719,0.267848938703537,0.5545175075531006,143
82,6.482146136900958,7.2398945689201355,3.0254621505737305,6.200397958596747,6.479904291764745,7.240068167448044,3.0125112533569336,6.1686184174360825,0.7592648267745972,6.09566792845726,7.276935875415802,8.670426160097122,2.6173958778381348,3.033059597015381,3.513735771179199,5.301801612829065,6.2996017572386815,7.315384255236208,4.1901065521537615e-05,64.63097381591797,0.2687661647796631,0.5549597144126892,145
83,6.4759470205256005,7.233166694641113,3.022270441055298,6.1927483388658215,6.483230991183587,7.2381094098091125,3.017718553543091,6.180759650395494,0.7583162188529968,6.1010196805000305,7.281527668237686,8.6780346930027,2.624843120574951,3.0405478477478027,3.5252981185913086,5.3090915292167065,6.301284041567223,7.343478843065777,3.650462607564642e-05,64.6308364868164,0.2701322138309479,0.5560091137886047,147
84,6.469320547134481,7.22561776638031,3.01949405670166,6.188267823946267,6.497071311158954,7.266920804977417,2.98736310005188,6.0951067074454475,0.7649683356285095,6.1021097004413605,7.294560968875885,8.707734942436218,2.608685255050659,3.0103888511657715,3.4595940113067627,5.292168881271223,6.229666631360833,7.175445000542513,3.142240160846237e-05,64.63065338134766,0.2712886929512024,0.5568629503250122,150
85,6.466873522110801,7.223851978778839,3.017235279083252,6.184010147658852,6.464514403972986,7.22084641456604,2.9882924556732178,6.1476284013379905,0.7609003186225891,6.0849737375974655,7.259735465049744,8.64792913198471,2.6053543090820312,3.0134623050689697,3.472491502761841,5.295545743171102,6.276058651807497,7.2831748415581155,2.6679152206726155e-05,64.63057708740234,0.2713777422904968,0.5572996735572815,154
86,6.457132256604771,7.21207931637764,3.012721300125122,6.17508322470485,6.459424878066441,7.213170826435089,3.016007423400879,6.184682185180533,0.7580093741416931,6.08077272772789,7.255025953054428,8.638785034418106,2.6191554069519043,3.0361220836639404,3.525967836380005,5.305920105149666,6.30004136813675,7.364361088343099,2.2297986504733303e-05,64.6300277709961,0.27184295654296875,0.5575717687606812,155
87,6.45509449300919,7.210744917392731,3.0121190547943115,6.173219481229202,6.44356026289598,7.196635752916336,3.015285015106201,6.200818456956534,0.7567449808120728,6.0698501765728,7.2418153285980225,8.603639900684357,2.618509531021118,3.0379679203033447,3.5201613903045654,5.326645989853343,6.333549529283921,7.358659389554228,1.830024910139064e-05,64.62999725341797,0.2725372016429901,0.5581335425376892,161
88,6.4483953121511695,7.2035811841487885,3.009911060333252,6.165071160740336,6.441100084556724,7.1936726570129395,3.0045359134674072,6.1841548007278435,0.7580506801605225,6.071353703737259,7.235562056303024,8.599857985973358,2.611969232559204,3.0286829471588135,3.502079486846924,5.31296941141908,6.314627411664486,7.347686621498235,1.4705416571476091e-05,64.62997436523438,0.27248674631118774,0.5584752559661865,162
89,6.442831363269989,7.1976445615291595,3.0086073875427246,6.1655921343523445,6.446226929718593,7.201775163412094,3.016205072402954,6.183174856507969,0.7581273317337036,6.0731858015060425,7.241806387901306,8.607202023267746,2.6169581413269043,3.035770893096924,3.523221015930176,5.315139473837236,6.307940658919146,7.345086937812475,1.1531002577724159e-05,64.62969207763672,0.2732137143611908,0.5588731169700623,165
90,6.438441667964752,7.191494107246399,3.0057239532470703,6.1606584439797425,6.443090366867353,7.198192924261093,2.9946370124816895,6.139445805592284,0.7615364193916321,6.072862818837166,7.236171513795853,8.603604137897491,2.611762285232544,3.016427755355835,3.482710599899292,5.301406947112859,6.266062124324849,7.268204819626978,8.792472546021349e-06,64.62985229492188,0.2738036811351776,0.5593682527542114,168
91,6.438312970380732,7.191108167171478,3.0046708583831787,6.156323427643479,6.438621075648181,7.193206250667572,2.999061107635498,6.147409665815776,0.7609173655509949,6.068778783082962,7.233649492263794,8.593997359275818,2.612593173980713,3.0208513736724854,3.489865779876709,5.309343903951757,6.2790863713743965,7.274856314272506,6.5031683194060835e-06,64.62973022460938,0.273970365524292,0.559573233127594,171
92,6.435758948963594,7.188078761100769,3.0039567947387695,6.155419308148784,6.433978688042119,7.186143845319748,2.9988865852355957,6.169105391231779,0.7592267990112305,6.066463515162468,7.2300024330616,8.583880960941315,2.6126911640167236,3.0218966007232666,3.4904427528381348,5.318864667398265,6.295723859574499,7.3171862070920275,4.674243157950367e-06,64.62970733642578,0.27410075068473816,0.559545636177063,173
93,6.433053335404013,7.185530662536621,3.0033631324768066,6.153778974459833,6.436968695442632,7.191690057516098,2.991034746170044,6.131148385888663,0.7621805667877197,6.068447232246399,7.231426239013672,8.590792119503021,2.6080193519592285,3.013079881668091,3.477282762527466,5.2992114650086295,6.259870745509709,7.253291731088671,3.3146074011979013e-06,64.62975311279297,0.27438169717788696,0.559928834438324,174
94,6.4335775706857286,7.186684757471085,3.0022079944610596,6.151581674031903,6.434605967323735,7.1899257600307465,3.0012547969818115,6.170742887168531,0.759099006652832,6.0662079602479935,7.230637967586517,8.583281934261322,2.610553503036499,3.0221035480499268,3.496431589126587,5.312544878601799,6.298220053013521,7.3220686948378075,2.430885057885461e-06,64.62971496582031,0.27432626485824585,0.559983491897583,175
95,6.43199749808898,7.183858007192612,3.0017449855804443,6.1508464819948445,6.435861484059748,7.19098225235939,2.989492654800415,6.1301882821022255,0.7622550129890442,6.067690625786781,7.229470461606979,8.589333295822144,2.6080572605133057,3.0114054679870605,3.4734926223754883,5.299249437556269,6.258709142028548,7.2543201071696,2.027381534438223e-06,64.62972259521484,0.2743156850337982,0.560049295425415,181
96,6.584892529217317,7.3525406420230865,3.071079969406128,6.279279864868096,6.610465827977882,7.371785491704941,3.131830930709839,6.4625615543112405,0.7357754707336426,6.166868284344673,7.422225177288055,8.936311304569244,2.6617915630340576,3.143547773361206,3.758735418319702,5.400091113981934,6.539352137122684,7.850808178550568,0.00019995285636295354,64.62016296386719,0.26438596844673157,0.5440431833267212,199
97,6.600766531286393,7.369793951511383,3.0782053470611572,6.297430501435499,6.639887809753418,7.407370209693909,3.1011040210723877,6.383725646125466,0.7421826124191284,6.222157180309296,7.447108626365662,8.946194499731064,2.682452917098999,3.12306809425354,3.6541123390197754,5.407684665018782,6.482960006569325,7.684906312648169,0.0001997035727560919,64.61668395996094,0.26913994550704956,0.5482913255691528,200
98,6.588354748200605,7.358685880899429,3.071774959564209,6.292488027689308,6.5694587725513385,7.342290878295898,3.0385172367095947,6.181599279087637,0.7582505941390991,6.1356667429208755,7.366512715816498,8.874708414077759,2.63751482963562,3.062163829803467,3.549757242202759,5.339352231401911,6.315081078136488,7.318568132781176,0.00019924051918966085,64.60865020751953,0.2751813232898712,0.5470802783966064,203
99,6.58421700778492,7.351945340633392,3.0671591758728027,6.2795292409378085,6.552821685683052,7.313968241214752,3.108358383178711,6.418310210883762,0.7393815517425537,6.143736094236374,7.373066246509552,8.787676692008972,2.661547899246216,3.139967918395996,3.6680850982666016,5.399886426790957,6.568100347070639,7.693052690082319,0.00019856469853457394,64.6019058227539,0.2753917872905731,0.5448229312896729,213
100,6.570709101019059,7.338531315326691,3.064249038696289,6.277526359062199,6.568699643297015,7.334662973880768,3.0887839794158936,6.258910579278497,0.7521657943725586,6.157198175787926,7.385013252496719,8.818100392818451,2.6643810272216797,3.1156258583068848,3.62730073928833,5.349311121146834,6.363681394244307,7.480111008498663,0.00019767757446788027,64.5982894897461,0.28290724754333496,0.5488983988761902,215
101,6.5680927580053154,7.334823161363602,3.0637199878692627,6.275157193954419,6.55598490193205,7.322411239147186,3.0591464042663574,6.23674283678253,0.7539182305335999,6.144905835390091,7.349701970815659,8.82899984717369,2.6453256607055664,3.0681779384613037,3.6018083095550537,5.341354814889657,6.332022514549033,7.449263302010191,0.00019658106830276615,64.5925521850586,0.28556156158447266,0.5466419458389282,218
102,6.557187035759503,7.323308289051056,3.0586955547332764,6.264044888234471,6.564284558566111,7.340319454669952,3.0402493476867676,6.166872107030651,0.7594010829925537,6.146799400448799,7.36878514289856,8.830729871988297,2.637226104736328,3.0611870288848877,3.5504565238952637,5.302066745494783,6.29781302382475,7.308112499187547,0.00019527755482741849,64.58734130859375,0.2872881293296814,0.5461601614952087,223
103,6.5563007433784195,7.322900742292404,3.059997081756592,6.261994411138272,6.564269214306238,7.336810231208801,3.045332670211792,6.161524028755678,0.7598181962966919,6.144245341420174,7.371445000171661,8.829642832279205,2.634838581085205,3.0592970848083496,3.5756256580352783,5.301494733094554,6.2761768711664,7.305693237915444,0.00019376985716176238,64.58233642578125,0.29040926694869995,0.545467734336853,229
104,6.55022216353187,7.317061722278595,3.0535669326782227,6.247584677340285,6.522177556775651,7.285577803850174,3.054213523864746,6.243532725726421,0.75338214635849,6.120425835251808,7.315719872713089,8.770181238651276,2.6443982124328613,3.0795843601226807,3.569215774536133,5.365935733531172,6.397721135207203,7.396559415466318,0.00019206124064321186,64.57928466796875,0.2930477559566498,0.5486624240875244,237
105,6.541725417509436,7.3061540722846985,3.051201820373535,6.246905361786834,6.572399121410442,7.328534126281738,3.114299774169922,6.441744988061149,0.7374749183654785,6.143583729863167,7.3719121515750885,8.875954896211624,2.653249502182007,3.1246447563171387,3.7262439727783203,5.377343487521332,6.504244958804278,7.850863813751345,0.00019015540575467653,64.57334899902344,0.29385653138160706,0.5455889701843262,244
106,6.540654809717188,7.3052458465099335,3.0512163639068604,6.2468363575124215,6.528672155344261,7.291869819164276,3.0456764698028564,6.198671986265328,0.756913423538208,6.123542785644531,7.313608378171921,8.794579654932022,2.6397507190704346,3.06744647026062,3.568735361099243,5.305283615483969,6.323356734604367,7.370373584072848,0.00018805648011013923,64.57022857666016,0.2954942286014557,0.548491895198822,248
107,6.53087529779118,7.294393330812454,3.0486578941345215,6.236117700215998,6.495810373774114,7.254838943481445,3.0069916248321533,6.167286231732019,0.7593687772750854,6.106743961572647,7.296948134899139,8.692242950201035,2.6188406944274902,3.0251290798187256,3.505523681640625,5.309622490173777,6.290450460681732,7.318401335531562,0.00018576900951516344,64.56605529785156,0.2988271415233612,0.5493840575218201,250
108,6.51831467776375,7.280311733484268,3.040189027786255,6.221333182868896,6.488162742470795,7.246808707714081,3.034761905670166,6.193791129305766,0.7572960257530212,6.113189458847046,7.2775699198246,8.680573850870132,2.6349217891693115,3.0481655597686768,3.5505597591400146,5.328144509735634,6.301393312452625,7.388466388729976,0.0001832979481216907,64.56116485595703,0.30180707573890686,0.549051821231842,256
109,6.517120237656456,7.278542220592499,3.041888475418091,6.223815082087946,6.494543768324942,7.249873131513596,3.0231428146362305,6.216858849439757,0.7554848194122314,6.103121861815453,7.29307234287262,8.71150940656662,2.627331495285034,3.0505964756011963,3.5302720069885254,5.319803939017392,6.3399382165251,7.397057602968942,0.00018064864769845064,64.55807495117188,0.305450439453125,0.5517431497573853,263
110,6.497256219068313,7.257117331027985,3.0324783325195312,6.208336781067712,6.480434611158551,7.242521643638611,3.009096622467041,6.168539261237756,0.7592710256576538,6.095821037888527,7.282010465860367,8.666994422674179,2.6220388412475586,3.0300276279449463,3.4994359016418457,5.3284113742688355,6.2898625024950245,7.307082818749789,0.00017782684604022154,64.55509948730469,0.3042429983615875,0.5530983209609985,267
111,6.499926578552327,7.258812338113785,3.032238721847534,6.203972362228016,6.539226023656018,7.304719835519791,3.0309395790100098,6.139068949932187,0.7615656852722168,6.142742559313774,7.333802431821823,8.777350932359695,2.631739616394043,3.0495028495788574,3.5401804447174072,5.284449945298492,6.258728646069961,7.281613844265704,0.00017483865454104468,64.5511474609375,0.3046914339065552,0.5519676208496094,271
112,6.494549166072499,7.253652065992355,3.0327541828155518,6.2080857741732425,6.491050958633423,7.248882204294205,3.0510599613189697,6.266134265171022,0.7515934109687805,6.094910576939583,7.275566458702087,8.725253492593765,2.616351842880249,3.063894748687744,3.606722116470337,5.287451359229767,6.3626028955679335,7.541685606649934,0.00017169054495830565,64.5467529296875,0.3020571768283844,0.5506754517555237,274
113,6.474186620610283,7.230551540851593,3.021777629852295,6.18109631786092,6.479697735804431,7.243119925260544,3.055201530456543,6.192057770826743,0.7574318647384644,6.101823225617409,7.270512729883194,8.668278157711029,2.6395039558410645,3.056274652481079,3.602044105529785,5.302446613969266,6.279376761253112,7.402306130346359,0.0001683893353963488,64.54361724853516,0.30679193139076233,0.5546565651893616,279
114,6.4856268212119526,7.244395464658737,3.0281965732574463,6.196891362201829,6.493360384455267,7.253333181142807,2.973512649536133,6.093361553624843,0.7651029229164124,6.07994869351387,7.263913005590439,8.77809002995491,2.6143100261688232,2.999593496322632,3.436983585357666,5.305074191711689,6.2290459900801185,7.163855629766059,0.0001649421755399819,64.53887939453125,0.3058962821960449,0.5531622767448425,283
115,6.465825581933088,7.220965623855591,3.0195577144622803,6.177009706449733,6.478928287074251,7.233770191669464,3.0279388427734375,6.199080909778203,0.7568812966346741,6.085515022277832,7.2733573615550995,8.68866890668869,2.6246607303619385,3.045971632003784,3.5494508743286133,5.304658375633414,6.292910859157217,7.419523424745137,0.0001613565311698503,64.53486633300781,0.30282700061798096,0.5517890453338623,285
116,6.467730244213247,7.224518805742264,3.020925283432007,6.18273125499438,6.43581567170485,7.187264412641525,3.024099826812744,6.208171185247072,0.7561677694320679,6.07038177549839,7.23515972495079,8.576449006795883,2.621915340423584,3.044621706008911,3.5330827236175537,5.310448822766184,6.3301314575622785,7.394802082500617,0.00015764016799321907,64.53044891357422,0.30319562554359436,0.5507880449295044,298
117,6.462904780943764,7.219194620847702,3.0186214447021484,6.177395054208668,6.464803884614189,7.219360768795013,3.0298049449920654,6.19212276512497,0.7574267983436584,6.097250804305077,7.255592197179794,8.64352360367775,2.6301605701446533,3.047900915145874,3.5455007553100586,5.318253397367259,6.3112734367795245,7.362625861913638,0.00015380113482518,64.52762603759766,0.3029024302959442,0.5517300963401794,306
118,6.449839730951238,7.203595340251923,3.0139925479888916,6.167041595333553,6.452828456770699,7.212969660758972,2.981646776199341,6.084203509797549,0.7658084630966187,6.083717197179794,7.226364314556122,8.648351579904556,2.5984184741973877,2.997189521789551,3.4707889556884766,5.244711619286844,6.2003508929970295,7.222737321661685,0.00014984774615671052,64.52484130859375,0.3072860538959503,0.5557814240455627,308
119,6.436593991549895,7.189545780420303,3.007331609725952,6.15298266771722,6.441503542774129,7.1952663362026215,3.020277738571167,6.21259651339377,0.7558200359344482,6.066238135099411,7.222072035074234,8.625232428312302,2.6143882274627686,3.03537917137146,3.53989577293396,5.283193738438981,6.306981459994849,7.455439881843801,0.0001457885641473375,64.5201187133789,0.30532464385032654,0.5547067523002625,313
120,6.43718215488495,7.190733402967453,3.009580612182617,6.160728723102341,6.482494327257264,7.239138334989548,3.00118088722229,6.150878111634912,0.7606474757194519,6.0912709683179855,7.281699776649475,8.690465241670609,2.609266757965088,3.023233413696289,3.5041568279266357,5.288160328856935,6.2692142394542385,7.305018844841287,0.00014163238008140666,64.51749420166016,0.30488696694374084,0.5528101921081543,316
121,6.421349135312167,7.173506915569305,3.002202272415161,6.144792613044334,6.422994267265752,7.172263413667679,2.9788966178894043,6.082949726429406,0.76590496301651,6.0658615082502365,7.206069678068161,8.571939170360565,2.606133222579956,2.9995996952056885,3.45528507232666,5.2665140097661824,6.202737253211121,7.19262592140476,0.000137388195328118,64.51456451416016,0.3024212718009949,0.554333508014679,318
122,6.420530440335606,7.171929627656937,2.9994864463806152,6.138077768140783,6.453893540040502,7.204174250364304,3.0227155685424805,6.219493725647542,0.7552775144577026,6.087633967399597,7.246187329292297,8.623669296503067,2.6281189918518066,3.0427043437957764,3.535133123397827,5.322513970696716,6.32985092927671,7.418774794526674,0.00013306520184656458,64.5098648071289,0.301908016204834,0.5503119230270386,321
123,6.415217968231854,7.168145477771759,2.9993722438812256,6.140166830971142,6.427109196500958,7.1799613535404205,3.007465362548828,6.1986372157531155,0.7569161057472229,6.06166310608387,7.208096981048584,8.592431992292404,2.611585855484009,3.0149452686309814,3.5252294540405273,5.2941428370904955,6.271084430859215,7.447291492464255,0.00012867276227799605,64.5064468383789,0.2990402579307556,0.5502176880836487,327
124,6.413392469844716,7.165049761533737,2.9996867179870605,6.136214596771915,6.415291210390487,7.1612827479839325,3.0185816287994385,6.216349229386909,0.7555249333381653,6.050904095172882,7.208909094333649,8.562276512384415,2.6165518760681152,3.0414021015167236,3.531925916671753,5.306029204862291,6.332572824426116,7.432085903628015,0.0001242203896684224,64.50396728515625,0.30340051651000977,0.5493752360343933,332
125,6.397693044999066,7.145864516496658,2.9912049770355225,6.1176607964650564,6.412806479436047,7.164891809225082,2.9811689853668213,6.10919298452088,0.763880729675293,6.070612743496895,7.202701270580292,8.522854745388031,2.6055705547332764,3.0028162002563477,3.454726457595825,5.27104401701379,6.232964760122404,7.23608299179943,0.0001197177268654748,64.50379943847656,0.30703577399253845,0.5528727173805237,334
126,6.386660691888575,7.1335285902023315,2.986938953399658,6.109660344399334,6.397745429344897,7.140817493200302,2.9952056407928467,6.163199747528039,0.7596875429153442,6.056194379925728,7.185626775026321,8.509598672389984,2.610294818878174,3.016937732696533,3.4891574382781982,5.2839086939324975,6.2831812684186215,7.343925831089856,0.00011517452563414479,64.5019302368164,0.3060336112976074,0.5521145462989807,338
127,6.3820133655466496,7.130000740289688,2.9839186668395996,6.102744951344609,6.423109882282761,7.174402475357056,3.0182955265045166,6.126356325034405,0.7625521421432495,6.061144173145294,7.190515846014023,8.604662865400314,2.6269960403442383,3.0276646614074707,3.535701274871826,5.313036184740906,6.249019393287682,7.242910404606037,0.00011060062553663272,64.49845123291016,0.30666235089302063,0.5519832372665405,344
128,6.388004049260348,7.137678563594818,2.9880242347717285,6.107011498844708,6.400421979292384,7.14767798781395,2.951112747192383,6.064792474905623,0.7673003673553467,6.055968627333641,7.187224179506302,8.523688465356827,2.5972726345062256,2.9769322872161865,3.404226064682007,5.257965221709353,6.191954887462371,7.162341061837532,0.0001060059326220473,64.49759674072266,0.30920735001564026,0.5521501302719116,346
129,6.370762785488272,7.116950303316116,2.980419397354126,6.098070070739306,6.408880890540357,7.164096832275391,2.9893558025360107,6.122678044114745,0.7628371715545654,6.0577642172575,7.19086155295372,8.540185540914536,2.6086690425872803,3.011237144470215,3.4666061401367188,5.294775982981805,6.24887959928321,7.2412295731596,0.0001014003979721088,64.49485778808594,0.3117007315158844,0.5523014068603516,348
130,6.36590985435853,7.11149275302887,2.9796009063720703,6.092919239244603,6.392786426364251,7.144641876220703,3.006068229675293,6.164923584797827,0.7595531344413757,6.054620072245598,7.181338220834732,8.48347544670105,2.618431568145752,3.0181703567504883,3.502655506134033,5.282405388305726,6.282685225003288,7.336163437099127,9.67939961493222e-05,64.49290466308594,0.3089754581451416,0.5512726306915283,350
131,6.3601237108363184,7.105448096990585,2.9770443439483643,6.092686643500441,6.386928778774333,7.135426998138428,3.008944511413574,6.154358549060221,0.760376513004303,6.04749321937561,7.169019430875778,8.494922518730164,2.6290111541748047,3.0244786739349365,3.500243663787842,5.314747592965136,6.295133970015209,7.282414551956169,9.219670359429561e-05,64.49064636230469,0.3104998469352722,0.5501704812049866,352
132,6.354240089814293,7.098225504159927,2.972987413406372,6.0794619778952335,6.364339077247764,7.113749533891678,2.96347975730896,6.084868076370755,0.7657572627067566,6.033546105027199,7.156061381101608,8.429990708827972,2.59194278717041,2.980827569961548,3.4324405193328857,5.240225275453337,6.202192029768273,7.218453537439164,8.76184770189917e-05,64.4905014038086,0.31089159846305847,0.5512241125106812,357
133,6.348587787087588,7.092340290546417,2.9704902172088623,6.0773576972900445,6.367882053807096,7.109140604734421,2.9622304439544678,6.08432263556049,0.7657992839813232,6.034407764673233,7.150522619485855,8.460834622383118,2.606548309326172,2.982820987701416,3.4244980812072754,5.286804528637638,6.196840268651884,7.194041318985287,8.30692318427066e-05,64.48906707763672,0.3105032742023468,0.5510468482971191,361
134,6.339260297663071,7.081782817840576,2.967715263366699,6.071813606426947,6.3488634892229765,7.093270123004913,2.97050142288208,6.10362624899749,0.7643108367919922,6.018632277846336,7.128562033176422,8.42939019203186,2.5967438220977783,2.98466420173645,3.450798273086548,5.269686889612207,6.206785107120013,7.256862155218586,7.855882071747968e-05,64.48758697509766,0.3115406334400177,0.551142156124115,365
135,6.333206532473232,7.075424492359161,2.9643375873565674,6.0657538107982,6.375257447080792,7.129913568496704,2.959317922592163,6.080080007227464,0.7661257982254028,6.035339459776878,7.160253822803497,8.466935902833939,2.603205442428589,2.9825215339660645,3.403769016265869,5.291774758664199,6.213620624749353,7.155262974798718,7.409701218944315e-05,64.48698425292969,0.312734454870224,0.5519533753395081,370
136,6.328758132648978,7.0702895522117615,2.9626355171203613,6.061249908868935,6.361487730494085,7.100614160299301,2.947014331817627,6.064350592933565,0.7673343420028687,6.045619025826454,7.145007699728012,8.431001007556915,2.584676742553711,2.9677863121032715,3.4134085178375244,5.234897507736317,6.183650505109092,7.187953768794302,6.96934695423263e-05,64.48574829101562,0.3141883611679077,0.5519381165504456,372
137,6.324462788627747,7.065393030643463,2.960357904434204,6.052447607356458,6.357571642353849,7.103316485881805,2.9431254863739014,6.048371832059241,0.7685587406158447,6.018778309226036,7.133969664573669,8.454708009958267,2.594529867172241,2.9651825428009033,3.3891875743865967,5.261676519121079,6.178224952363884,7.118638260310208,6.535772986893495e-05,64.48478698730469,0.3126280903816223,0.5529406666755676,375
138,6.323494359133715,7.06464946269989,2.9594616889953613,6.051357766373625,6.345933333882746,7.09269642829895,3.002936601638794,6.131082434119186,0.7621856331825256,6.0196541249752045,7.13324174284935,8.40488076210022,2.6152684688568115,3.025017738342285,3.487229347229004,5.289928280897674,6.268990010224216,7.260613663644767,6.109918341593197e-05,64.4833755493164,0.3124484121799469,0.552696704864502,378
139,6.313271426899548,7.053088396787643,2.9551470279693604,6.040623787506345,6.353391431412607,7.0998601615428925,2.9343369007110596,6.010365433587518,0.7714582681655884,6.023205071687698,7.126840204000473,8.444175124168396,2.5828123092651367,2.9583559036254883,3.377763271331787,5.2280669050072825,6.142990782541883,7.073202210750104,5.692705324665396e-05,64.48323822021484,0.31332507729530334,0.5534366369247437,381
140,6.306627954391235,7.047038525342941,2.952538013458252,6.037675192366316,6.336943716373083,7.084760814905167,2.948493480682373,6.027955415435528,0.7701185941696167,6.010732799768448,7.1152471005916595,8.406132459640503,2.598954200744629,2.96994686126709,3.3909356594085693,5.262662422047667,6.157904852731404,7.0790909872187875,5.285037526601004e-05,64.48292541503906,0.315002977848053,0.5545668601989746,382
141,6.3003305840619745,7.039029151201248,2.950065851211548,6.029944402080959,6.344951971521917,7.08889365196228,2.9554026126861572,6.024621988048458,0.7703728079795837,6.022955849766731,7.124736160039902,8.412303030490875,2.602134943008423,2.9763638973236084,3.410876750946045,5.2465422006180615,6.149495558481142,7.097561925367318,4.887797865072356e-05,64.48157501220703,0.3147783875465393,0.5550669431686401,386
142,6.298036116329744,7.0364415645599365,2.9486985206604004,6.028964385369894,6.325893973404506,7.066062837839127,2.9527976512908936,6.0502803390749165,0.768412709236145,6.004919856786728,7.109420001506805,8.382616192102432,2.5885162353515625,2.968207836151123,3.425618886947632,5.236953692292851,6.162272184853944,7.170905818569162,4.501846672730168e-05,64.4813232421875,0.3153685927391052,0.5552037358283997,387
143,6.294278533700953,7.0327430963516235,2.94792103767395,6.028169309651984,6.322172632757223,7.0654794573783875,2.9399991035461426,6.010512044360313,0.7714471220970154,6.011686474084854,7.103545963764191,8.358969539403915,2.5866596698760986,2.96492338180542,3.3815290927886963,5.227723589967766,6.150239595537684,7.068875296348229,4.128019833914585e-05,64.48094177246094,0.3166550397872925,0.5556436777114868,391
144,6.287607390612842,7.025070488452911,2.945390462875366,6.021489443113339,6.326159706655538,7.070928066968918,2.951277256011963,6.043233558657354,0.7689518332481384,6.015704944729805,7.111214846372604,8.355262875556946,2.5940158367156982,2.971797466278076,3.40175199508667,5.247828079733877,6.175910036311356,7.1187649935195205,3.767126974315824e-05,64.48072814941406,0.3175038993358612,0.5558467507362366,394
145,6.2806464197801395,7.018177956342697,2.94221830368042,6.014848138758302,6.317335475165889,7.058896124362946,2.9376087188720703,6.031261384785239,0.769866406917572,6.012289971113205,7.094139605760574,8.34895670413971,2.58225679397583,2.9571566581726074,3.3878726959228516,5.2143964139829455,6.1552296678844,7.130362383392997,3.4199497075052176e-05,64.48009490966797,0.3182782828807831,0.5556679964065552,397
146,6.2802111528774,7.017793506383896,2.9418857097625732,6.011491261838622,6.32106189008029,7.069461792707443,2.9342947006225586,5.992219967113803,0.7728361487388611,6.0096681118011475,7.099109888076782,8.356352895498276,2.5831944942474365,2.9520933628082275,3.376661777496338,5.202970668577343,6.11541184417908,7.064802216544121,3.087239942134268e-05,64.48040771484375,0.31901615858078003,0.5567451119422913,400
147,6.271783759887206,7.007935643196106,2.9381251335144043,6.004181993911879,6.312371568859748,7.054385542869568,2.9591517448425293,6.0606104472173365,0.7676212191581726,6.001578643918037,7.094639539718628,8.342639356851578,2.589171886444092,2.9770827293395996,3.429321527481079,5.235380981339886,6.1831143953098815,7.182582068341233,2.7697182534679367e-05,64.4802017211914,0.3203563988208771,0.5573078989982605,400
148,6.269246318123558,7.005020976066589,2.936058521270752,6.000262254705551,6.309042147870334,7.051287591457367,2.93605899810791,6.0070781283732995,0.7717081904411316,5.9966061264276505,7.0886313915252686,8.344127982854843,2.584444522857666,2.954432725906372,3.3855183124542236,5.228125277266692,6.133277127105141,7.083462822422422,2.468072322779089e-05,64.48023986816406,0.3211051821708679,0.5577974319458008,403
149,6.2659068005607725,7.001408189535141,2.936532735824585,6.00184475831637,6.300505417697835,7.037936896085739,2.9452872276306152,6.048194918625031,0.7685723304748535,5.995423719286919,7.084018737077713,8.317197859287262,2.5885379314422607,2.9654533863067627,3.4017388820648193,5.243698880079432,6.173963130740748,7.154217693818582,2.1829554479839678e-05,64.48018646240234,0.32128623127937317,0.5576344728469849,407
150,6.257639995870743,6.992325186729431,2.932039499282837,5.991058044223726,6.3118046184755725,7.051216810941696,2.949458599090576,6.043841722457106,0.7689053416252136,5.998997017741203,7.088123261928558,8.352945744991302,2.5870096683502197,2.971405029296875,3.408562660217285,5.235663503082001,6.176170071468967,7.136209069871483,1.9149851287443928e-05,64.48015594482422,0.3215569257736206,0.5577999353408813,407
151,6.2582366734265005,6.992983818054199,2.93312668800354,5.995567591939208,6.322409107999982,7.06557109951973,2.947481393814087,5.9999704360233554,0.7722481489181519,6.006627902388573,7.094880938529968,8.379414677619934,2.593881607055664,2.9666662216186523,3.40000581741333,5.227628909856269,6.132949652626409,7.056973886314792,1.664741729101004e-05,64.48028564453125,0.322726309299469,0.5585362315177917,410
152,6.256457609288833,6.991580128669739,2.930753469467163,5.987495744102415,6.302612714047702,7.039983570575714,2.9507436752319336,6.05220652294572,0.7682652473449707,6.004222854971886,7.085881382226944,8.310981094837189,2.5973005294799805,2.9754509925842285,3.4000649452209473,5.246028487878224,6.188126657522535,7.142611771864965,1.4327672205339582e-05,64.48030853271484,0.3228676915168762,0.5587655901908875,415
153,6.252746249265212,6.98665976524353,2.928875207901001,5.984527028197024,6.303567369029207,7.043963670730591,2.9454925060272217,6.008922300778807,0.7715680003166199,5.995362997055054,7.081166654825211,8.332829177379608,2.592346668243408,2.9639732837677,3.3979101181030273,5.235643648731635,6.137653903624236,7.072502951865795,1.2195640081734197e-05,64.48015594482422,0.32342293858528137,0.5590265989303589,417
