epoch,train_loss,train_mae,train_rmse,train_mape,train_r2,val_loss,val_mae,val_rmse,val_mape,val_r2,learning_rate,is_best_loss,is_best_r2
0,7192.90625,28.434313,81.106,77.509445,0.24236363,7790.5390625,28.54658,83.81451,77.38899,0.24895537,2.0000000000000002e-07,True,True
1,7191.53857421875,28.43043,81.09847,77.49815,0.2425043,7776.265625,28.420391,83.73406,77.06233,0.2503965,4.0000000000000003e-07,True,True
2,7180.78271484375,28.327381,81.03462,77.20968,0.24369651,7746.234375,28.1541,83.56495,76.32341,0.2534213,6.000000000000001e-07,True,True
3,7152.8251953125,28.090078,80.87095,76.49581,0.24674857,7693.8681640625,27.70169,83.27043,74.935135,0.25867438,8.000000000000001e-07,True,True
4,7106.7861328125,27.698555,80.60202,75.222916,0.25175005,7607.36572265625,27.08133,82.78664,73.155235,0.26726347,1.0000000000000002e-06,True,True
5,7023.18310546875,27.133728,80.11353,73.570015,0.26079202,7506.6376953125,26.499706,82.223885,72.17086,0.27719146,1.2000000000000002e-06,True,True
6,6932.03369140625,26.590893,79.58072,72.60626,0.2705919,7408.51416015625,26.067978,81.6753,72.43319,0.28680414,1.4000000000000001e-06,True,True
7,6840.00732421875,26.180227,79.039375,72.96343,0.2804817,7326.08447265625,25.918106,81.214966,74.616936,0.2948208,1.6000000000000001e-06,True,True
8,6765.78759765625,26.01925,78.6026,75.050064,0.28841197,7262.03271484375,26.014868,80.85942,78.052795,0.30098164,1.8000000000000001e-06,True,True
9,6704.19384765625,26.057928,78.23966,78.240425,0.29496807,7213.38037109375,26.26926,80.59272,81.99516,0.30558515,2.0000000000000003e-06,True,True
10,6655.94921875,26.234741,77.95737,81.89413,0.30004662,7178.84375,26.61715,80.407295,86.05976,0.30877692,2.2e-06,True,True
11,6620.8642578125,26.503881,77.75408,85.67917,0.30369216,7154.66650390625,27.003786,80.28141,89.98477,0.31093955,2.4000000000000003e-06,True,True
12,6597.37109375,26.820679,77.61984,89.41646,0.30609453,7137.41943359375,27.395128,80.19526,93.60523,0.31241763,2.5999999999999997e-06,True,True
13,6578.78369140625,27.140623,77.51432,92.85043,0.30797988,7124.76318359375,27.761948,80.13497,96.82024,0.31345105,2.8000000000000003e-06,True,True
14,6565.92822265625,27.449408,77.444,95.91676,0.30923486,7114.48046875,28.08169,80.08694,99.52849,0.31427383,3.0000000000000005e-06,True,True
15,6556.48388671875,27.716265,77.39255,98.52561,0.31015247,7104.75,28.34117,80.04058,101.67781,0.3150674,3.2000000000000003e-06,True,True
16,6548.8623046875,27.94211,77.352776,100.63162,0.3108613,7094.48974609375,28.529888,79.98895,103.24198,0.3159507,3.4000000000000005e-06,True,True
17,6542.92529296875,28.105059,77.31964,102.18868,0.31145155,7082.34228515625,28.642323,79.92417,104.212906,0.31705827,3.6000000000000003e-06,True,True
18,6532.41943359375,28.196896,77.25883,103.17196,0.31253427,7066.90966796875,28.672596,79.83838,104.58492,0.3185237,3.8000000000000005e-06,True,True
19,6519.2900390625,28.217695,77.181114,103.598404,0.31391668,7046.8125,28.612932,79.7233,104.30503,0.32048684,4.000000000000001e-06,True,True
20,6501.25,28.144688,77.07188,103.3488,0.31585723,7024.7197265625,28.490328,79.59481,103.5339,0.32267535,4.2000000000000004e-06,True,True
21,6480.78466796875,28.01081,76.947136,102.61587,0.31807005,7001.52099609375,28.320234,79.45853,102.42274,0.32499284,4.4e-06,True,True
22,6460.9296875,27.827364,76.82397,101.55339,0.32025135,6978.15771484375,28.12091,79.32004,101.140526,0.32734376,4.600000000000001e-06,True,True
23,6439.14306640625,27.61854,76.68912,100.34008,0.3226357,6955.4970703125,27.907547,79.184845,99.76272,0.32963473,4.800000000000001e-06,True,True
24,6418.306640625,27.3951,76.55933,99.05945,0.32492638,6933.3291015625,27.698866,79.05206,98.45964,0.33188105,5e-06,True,True
25,6398.60986328125,27.171164,76.43603,97.76096,0.32709908,6912.53466796875,27.498497,78.927444,97.19752,0.33398587,5.199999999999999e-06,True,True
26,6379.09716796875,26.960255,76.31498,96.53701,0.32922876,6893.13037109375,27.316446,78.81158,96.01216,0.33593988,5.400000000000002e-06,True,True
27,6360.32373046875,26.76201,76.197845,95.32353,0.3312863,6874.82568359375,27.161695,78.703354,94.968155,0.33776242,5.600000000000001e-06,True,True
28,6346.64306640625,26.587767,76.11132,94.2167,0.33280414,6857.1298828125,27.03128,78.599785,94.04573,0.33950412,5.8e-06,True,True
29,6330.63623046875,26.43068,76.01283,93.17695,0.33452964,6838.64404296875,26.922123,78.49263,93.23075,0.34130388,6.000000000000001e-06,True,True
30,6314.4990234375,26.285498,75.91352,92.20227,0.33626753,6820.6416015625,26.84096,78.38897,92.578636,0.3430425,6.200000000000002e-06,True,True
31,6296.26025390625,26.162687,75.80189,91.35717,0.33821815,6802.53466796875,26.776611,78.28511,92.02994,0.3447821,6.4000000000000006e-06,True,True
32,6279.9248046875,26.049873,75.70171,90.58438,0.339966,6783.3251953125,26.714596,78.17438,91.51155,0.34663445,6.600000000000001e-06,True,True
33,6264.21630859375,25.944094,75.60447,89.81385,0.34166068,6762.31201171875,26.648102,78.05251,91.02519,0.34866995,6.800000000000001e-06,True,True
34,6243.6513671875,25.829208,75.47794,89.03116,0.3438624,6740.72998046875,26.57662,77.92685,90.55334,0.3507656,7e-06,True,True
35,6224.59619140625,25.712996,75.35917,88.30554,0.3459258,6719.34326171875,26.51745,77.80219,90.26681,0.35284102,7.2000000000000005e-06,True,True
36,6200.56005859375,25.605515,75.21056,87.76646,0.34850293,6698.73779296875,26.475264,77.68189,90.18736,0.35484082,7.4e-06,True,True
37,6177.4501953125,25.522884,75.06752,87.554695,0.35097867,6678.86962890625,26.447128,77.56601,90.25754,0.3567642,7.600000000000001e-06,True,True
38,6154.75341796875,25.463833,74.92662,87.593994,0.3534128,6659.99072265625,26.431246,77.45575,90.41154,0.35859156,7.800000000000002e-06,True,True
39,6132.3447265625,25.413437,74.78649,87.740974,0.355829,6640.4384765625,26.398666,77.34119,90.34545,0.36048758,8.000000000000001e-06,True,True
40,6106.734375,25.351707,74.62694,87.76948,0.35857463,6620.6640625,26.33224,77.22425,89.87511,0.3624199,8.2e-06,True,True
41,6078.8486328125,25.252048,74.45245,87.41408,0.36157066,6599.57177734375,26.216347,77.09824,88.85167,0.36449885,8.400000000000001e-06,True,True
42,6053.88671875,25.114408,74.29452,86.57561,0.3642763,6574.4423828125,26.046135,76.94712,87.23348,0.36698782,8.6e-06,True,True
43,6023.6650390625,24.913866,74.10319,85.07105,0.3675465,6544.0322265625,25.836845,76.763374,85.13757,0.37000746,8.8e-06,True,True
44,5992.40771484375,24.680397,73.90396,83.04427,0.37094253,6506.29248046875,25.614832,76.53456,82.953896,0.37375754,9e-06,True,True
45,5960.01171875,24.448782,73.69725,80.8962,0.37445676,6458.64404296875,25.394648,76.24406,81.158585,0.37850255,9.200000000000002e-06,True,True
46,5923.9931640625,24.238708,73.46518,79.163826,0.37839007,6399.84716796875,25.142042,75.88395,79.73987,0.38435948,9.4e-06,True,True
47,5879.8388671875,24.063889,73.18109,78.14095,0.38318825,6338.69921875,24.87869,75.50822,78.672226,0.390441,9.600000000000001e-06,True,True
48,5839.08544921875,23.903952,72.91705,77.51099,0.38763118,6282.85400390625,24.662697,75.16562,77.98909,0.39595985,9.800000000000003e-06,True,True
49,5801.02978515625,23.776348,72.66893,77.18162,0.39179158,6228.7314453125,24.488188,74.83545,77.23363,0.40125477,1e-05,True,True
50,5761.3349609375,23.614622,72.41154,76.51165,0.39609265,6178.76708984375,24.341274,74.53255,76.17871,0.40609193,9.999999938931822e-06,True,True
51,5720.20361328125,23.415075,72.14502,75.34768,0.40052992,6136.56494140625,24.231874,74.27842,75.33451,0.41013497,9.999999755727293e-06,True,True
52,5676.4638671875,23.244234,71.86115,74.42319,0.4052381,6099.93701171875,24.151667,74.05973,75.273735,0.41360313,9.999999450386417e-06,True,True
53,5637.8037109375,23.110415,71.61028,74.32504,0.40938348,6070.11572265625,24.129477,73.88445,76.16828,0.41637558,9.999999022909197e-06,True,True
54,5600.63818359375,23.045515,71.36896,75.14275,0.41335744,6039.52099609375,24.119425,73.70282,77.02056,0.4192416,9.999998473295647e-06,True,True
55,5569.63232421875,23.011988,71.16782,75.96167,0.41665936,6002.724609375,24.033384,73.47501,76.798645,0.42282617,9.999997801545783e-06,True,True
56,5537.89599609375,22.900225,70.96027,75.621735,0.42005682,5959.7880859375,23.91918,73.20317,76.268906,0.42708904,9.999997007659618e-06,True,True
57,5499.4453125,22.761385,70.70644,74.98163,0.4241985,5916.24609375,23.84347,72.92603,76.33515,0.43141878,9.999996091637172e-06,True,True
58,5467.29638671875,22.684057,70.4906,75.16477,0.42770863,5875.419921875,23.767738,72.66633,76.40598,0.43546128,9.999995053478467e-06,True,True
59,5439.0517578125,22.614513,70.299934,75.53028,0.43080032,5838.4970703125,23.619213,72.43131,75.459045,0.43910694,9.999993893183532e-06,True,True
60,5401.8642578125,22.478481,70.053246,75.01434,0.43478805,5805.94873046875,23.493448,72.2289,74.57713,0.44223756,9.999992610752394e-06,True,True
61,5371.74609375,22.352482,69.85036,74.61366,0.43805718,5774.7861328125,23.434313,72.03709,75.024025,0.44519597,9.999991206185083e-06,True,True
62,5341.68603515625,22.307364,69.65095,75.55199,0.4412611,5735.77978515625,23.351376,71.79451,74.92773,0.4489262,9.999989679481635e-06,True,True
63,5315.22802734375,22.200478,69.47331,75.391884,0.4441074,5699.65283203125,23.237646,71.56496,74.20219,0.4524445,9.999988030642087e-06,True,True
64,5280.33349609375,22.032696,69.2358,74.12732,0.44790184,5652.35693359375,23.20726,71.264336,75.339165,0.45703506,9.99998625966648e-06,True,True
65,5248.8017578125,21.953785,69.02039,74.53011,0.45133185,5612.5498046875,23.055069,71.00799,74.58254,0.46093422,9.999984366554858e-06,True,True
66,5219.40380859375,21.744963,68.81685,73.00178,0.45456332,5574.765625,22.955664,70.7658,75.13327,0.4646052,9.999982351307269e-06,True,True
67,5189.83935546875,21.63184,68.61387,73.132454,0.45777613,5538.16650390625,22.872875,70.534096,75.504036,0.46810544,9.999980213923759e-06,True,True
68,5161.392578125,21.489376,68.41903,72.93207,0.4608512,5502.87353515625,22.686499,70.30952,74.12335,0.47148716,9.999977954404385e-06,True,True
69,5136.927734375,21.30053,68.25091,71.348976,0.46349758,5464.74951171875,22.758955,70.069954,77.571335,0.47508258,9.9999755727492e-06,True,True
70,5107.7265625,21.340998,68.04938,74.379875,0.4666612,5443.57666015625,22.323421,69.92864,70.84881,0.47719765,9.999973068958262e-06,True,True
71,5096.1357421875,21.057302,67.97638,68.36391,0.46780485,5405.0380859375,22.882113,69.67179,81.72993,0.48103118,9.999970443031634e-06,True,True
72,5074.9521484375,21.43533,67.81735,77.00041,0.47029203,5388.32958984375,22.190956,69.56946,70.337685,0.48255455,9.999967694969383e-06,True,True
73,5047.29833984375,20.822378,67.636154,67.52056,0.4731189,5332.19970703125,21.923416,69.18949,71.694275,0.4881913,9.999964824771574e-06,True,True
74,5009.8271484375,20.600483,67.37109,68.779144,0.47724038,5311.64404296875,22.384422,69.049835,79.24217,0.49025542,9.999961832438279e-06,True,True
75,5011.44921875,21.113138,67.374054,75.97032,0.4771945,5318.2001953125,21.67526,69.121284,67.023224,0.48919988,9.999958717969574e-06,False,False
76,4977.12353515625,20.3745,67.15455,65.31038,0.48059553,5267.23583984375,21.546036,68.77676,68.94859,0.49427927,9.99995548136553e-06,True,True
77,4938.32177734375,20.193094,66.87738,66.435905,0.48487413,5233.7666015625,22.201916,68.538864,79.60857,0.4977718,9.999952122626232e-06,True,True
78,4939.3525390625,20.800947,66.87115,75.28279,0.48497015,5215.83056640625,21.401354,68.43322,68.245026,0.49931878,9.99994864175176e-06,True,True
79,4890.0,20.020432,66.53712,65.6884,0.4901026,5202.7568359375,21.422352,68.35902,67.74357,0.500404,9.999945038742201e-06,True,True
80,4880.10693359375,19.963564,66.471214,64.68925,0.49111223,5144.71728515625,21.75971,67.95817,76.72882,0.506246,9.999941313597644e-06,True,True
81,4848.408203125,20.19002,66.23849,71.82619,0.49466938,5116.23486328125,21.447123,67.76385,73.67215,0.5090656,9.999937466318182e-06,True,True
82,4819.82763671875,19.901468,66.037285,69.3276,0.4977346,5130.13525390625,21.17386,67.8741,67.25532,0.5074668,9.999933496903905e-06,False,False
83,4806.31884765625,19.597916,65.95461,63.78609,0.49899137,5078.7255859375,21.287212,67.52062,71.92613,0.5125835,9.999929405354918e-06,True,True
84,4771.20068359375,19.584877,65.69813,67.271385,0.50288045,5046.28564453125,21.438768,67.28748,75.73538,0.5159437,9.999925191671319e-06,True,True
85,4765.58837890625,19.792095,65.65079,70.27433,0.5035967,5034.52734375,20.825708,67.22074,66.979324,0.5169034,9.99992085585321e-06,True,True
86,4730.763671875,19.223436,65.416374,62.963547,0.5071353,5004.47412109375,21.02894,67.01861,69.87771,0.5198045,9.999916397900702e-06,True,True
87,4711.1259765625,19.29839,65.27331,65.32815,0.50928867,4955.23681640625,21.136541,66.667366,74.904755,0.52482456,9.999911817813901e-06,True,True
88,4695.72216796875,19.47274,65.15394,69.39595,0.5110818,4943.95556640625,20.581486,66.60507,67.62217,0.52571213,9.999907115592922e-06,True,True
89,4668.68994140625,19.01765,64.97592,63.151485,0.5137499,4919.25390625,20.881863,66.43788,70.8062,0.52809036,9.99990229123788e-06,True,True
90,4640.72607421875,19.028,64.769745,65.37195,0.5168308,4872.32373046875,20.964706,66.11316,74.61824,0.5326921,9.999897344748895e-06,True,True
91,4621.19873046875,19.066566,64.62141,67.58136,0.5190415,4866.4384765625,20.481123,66.091286,67.8965,0.53300124,9.999892276126089e-06,True,True
92,4611.8857421875,18.808739,64.570656,62.348824,0.5197966,4823.13134765625,20.760674,65.78368,72.2818,0.5373382,9.999887085369583e-06,True,True
93,4578.970703125,18.773495,64.31855,65.330925,0.52353907,4795.435546875,20.52823,65.5891,70.61955,0.5400711,9.999881772479515e-06,True,True
94,4555.54736328125,18.650166,64.153984,64.40935,0.52597415,4798.0166015625,20.197618,65.60456,67.62956,0.5398542,9.999876337456007e-06,False,False
95,4544.9248046875,18.53147,64.084465,62.19403,0.5270008,4770.3076171875,20.581184,65.39986,73.389755,0.5427213,9.999870780299194e-06,True,True
96,4521.43896484375,18.702127,63.901974,66.770515,0.52969086,4785.416015625,20.190498,65.52628,65.67946,0.5409517,9.999865101009218e-06,False,False
97,4511.22412109375,18.358755,63.83883,61.02646,0.53061986,4718.61376953125,20.271559,65.050285,70.842094,0.5475967,9.999859299586218e-06,True,True
98,4479.98291015625,18.389118,63.59874,64.4722,0.5341438,4677.34228515625,19.96692,64.77016,67.70976,0.55148476,9.999853376030331e-06,True,True
99,4452.27587890625,18.138977,63.403305,61.95664,0.5370025,4680.37841796875,19.964937,64.78934,67.71915,0.551219,9.99984733034171e-06,False,False
100,4451.16552734375,18.129255,63.393116,61.96234,0.53715134,4665.58154296875,20.35749,64.70263,70.30265,0.5524195,9.9998411625205e-06,True,True
101,4459.17919921875,18.518963,63.455456,64.89155,0.5362406,4630.18994140625,19.850584,64.45905,66.42402,0.55578303,9.999834872566859e-06,True,True
102,4432.58349609375,18.18416,63.268032,61.11001,0.5389761,4591.32958984375,20.336761,64.17214,73.71678,0.5597286,9.999828460480932e-06,True,True
103,4408.92626953125,18.359219,63.0772,65.908936,0.54175293,4616.5634765625,20.06054,64.37385,65.53217,0.5569565,9.999821926262887e-06,False,False
104,4420.9423828125,18.20059,63.185196,60.435844,0.5401825,4550.61962890625,20.150417,63.87586,71.886375,0.5637847,9.999815269912883e-06,True,True
105,4371.59326171875,18.131092,62.79674,64.602516,0.5458189,4570.99755859375,19.865017,64.05561,67.45212,0.56132627,9.999808491431081e-06,False,False
106,4371.73828125,18.082005,62.824577,61.012547,0.5454161,4517.3203125,20.066154,63.651897,72.29225,0.56683826,9.99980159081765e-06,True,True
107,4323.220703125,17.893166,62.446526,63.698875,0.55087066,4513.15869140625,19.995878,63.620293,69.20819,0.5672684,9.999794568072764e-06,True,True
108,4313.31494140625,17.93483,62.380684,63.010853,0.5518173,4484.52734375,19.601522,63.425415,67.67679,0.5699153,9.999787423196586e-06,True,True
109,4299.52490234375,17.683838,62.276947,60.5191,0.5533067,4484.33349609375,19.586176,63.42275,67.52608,0.56995153,9.999780156189303e-06,True,True
110,4296.8720703125,17.666983,62.255867,60.532482,0.553609,4520.6142578125,21.672028,63.706024,85.5703,0.5661013,9.99977276705109e-06,False,False
111,4382.64599609375,19.40185,62.884808,74.79922,0.5445441,4695.8564453125,20.98438,64.99996,62.243855,0.54829645,9.999765255782128e-06,False,False
112,4525.3193359375,19.492483,63.991,60.025383,0.5283795,4452.65625,20.50321,63.220375,71.63906,0.57269156,9.999757622382604e-06,True,True
113,4336.71240234375,18.735193,62.572536,66.99002,0.5490563,4485.8955078125,21.543371,63.406376,81.23088,0.5701735,9.999749866852706e-06,False,False
114,4406.58447265625,19.457872,63.04907,72.69259,0.54216164,4374.4609375,19.854603,62.628113,65.65894,0.58066034,9.999741989192627e-06,True,True
115,4273.2333984375,17.959219,62.089993,60.553444,0.55598456,4504.63623046875,20.797878,63.622444,67.903534,0.56723905,9.99973398940256e-06,False,False
116,4352.6416015625,18.77288,62.703552,63.42684,0.5471659,4402.80615234375,21.040237,62.892357,79.8701,0.5771142,9.999725867482703e-06,False,False
117,4259.36328125,18.757252,61.98984,71.17379,0.55741584,4385.59765625,21.162933,62.762386,82.99451,0.5788603,9.999717623433253e-06,False,False
118,4246.638671875,18.548187,61.868553,70.9713,0.55914605,4336.02490234375,20.27553,62.393402,74.45174,0.58379745,9.999709257254418e-06,True,True
119,4220.21484375,18.174944,61.687378,67.08115,0.56172425,4331.35302734375,20.224457,62.355804,74.05767,0.58429897,9.999700768946405e-06,True,True
120,4223.34326171875,18.16879,61.711098,67.04133,0.5613872,4297.08740234375,19.948507,62.102108,71.3071,0.5876747,9.999692158509416e-06,True,True
121,4210.48193359375,18.200485,61.63312,64.44336,0.5624948,4300.021484375,20.240904,62.126198,71.71659,0.5873547,9.99968342594367e-06,False,False
122,4223.73193359375,18.376017,61.731678,65.381836,0.5610945,4282.2685546875,20.501226,61.99846,74.94606,0.5890499,9.999674571249383e-06,True,True
123,4204.09228515625,18.512674,61.56792,68.91028,0.56342006,4268.42333984375,19.826792,61.9052,67.835686,0.59028524,9.99966559442677e-06,True,True
124,4123.65966796875,17.46346,60.953373,61.225163,0.57209206,4295.80615234375,20.059977,62.145187,69.6741,0.5871024,9.999656495476054e-06,False,False
125,4142.32763671875,17.610395,61.10285,61.4298,0.56999075,4273.47021484375,20.779348,62.006603,78.77262,0.58894193,9.99964727439746e-06,False,False
126,4134.54833984375,18.21516,61.05008,69.661644,0.5707332,4208.76904296875,20.33713,61.505623,75.519844,0.59555733,9.999637931191213e-06,True,True
127,4085.721923828125,17.726254,60.675545,65.903366,0.575984,4169.603515625,20.295338,61.201576,77.4327,0.5995461,9.999628465857546e-06,True,True
128,4083.091064453125,17.861639,60.660637,67.74033,0.5761924,4116.2880859375,19.843868,60.790073,75.10724,0.6049131,9.999618878396694e-06,True,True
129,4062.27392578125,17.607668,60.492702,66.152,0.5785357,4117.4951171875,19.775007,60.799286,74.36319,0.6047933,9.999609168808892e-06,False,False
130,4061.585693359375,17.578884,60.484745,65.9433,0.57864654,4106.0908203125,19.64305,60.7082,68.5992,0.6059766,9.999599337094377e-06,True,True
131,4051.825927734375,17.64644,60.411175,65.585266,0.57967097,4111.029296875,19.772621,60.75157,70.54967,0.6054134,9.999589383253393e-06,False,False
132,4067.882080078125,17.60082,60.528713,64.32892,0.57803375,4076.68359375,19.841063,60.5192,72.1688,0.60842615,9.999579307286188e-06,True,True
133,4032.478271484375,17.611843,60.270966,65.31007,0.58161974,4036.578857421875,19.47543,60.191547,68.97063,0.6126546,9.99956910919301e-06,True,True
134,3997.487060546875,17.150808,59.991467,61.460148,0.5854912,4058.591796875,19.998423,60.359627,73.06255,0.6104884,9.999558788974109e-06,False,False
135,4017.8515625,17.698044,60.15486,65.46396,0.58323014,4032.727783203125,19.515844,60.187,70.82858,0.6127132,9.999548346629739e-06,True,True
136,3973.27978515625,17.200329,59.81062,63.244377,0.5879865,3998.903076171875,19.850554,59.935566,77.313446,0.61594224,9.999537782160158e-06,True,True
137,3954.959716796875,17.41445,59.652813,68.052055,0.5901578,3990.821044921875,19.928331,59.873833,77.48386,0.61673295,9.99952709556563e-06,True,True
138,3959.509521484375,17.572855,59.687656,69.51015,0.5896789,3953.677001953125,19.311354,59.60177,70.51052,0.62020814,9.999516286846415e-06,True,True
139,3924.280517578125,17.06029,59.42605,63.979042,0.5932678,3955.436767578125,19.30873,59.615276,70.44475,0.620036,9.999505356002781e-06,False,False
140,3924.581298828125,17.075823,59.430344,64.16105,0.593209,3975.970458984375,20.785767,59.775425,84.88142,0.6179918,9.999494303034998e-06,False,False
141,3958.632568359375,18.052288,59.691998,72.3298,0.58961916,3923.09619140625,19.14451,59.34491,68.77467,0.6234746,9.999483127943337e-06,True,True
142,3929.75634765625,17.07141,59.47369,61.78276,0.5926154,3904.74658203125,19.093554,59.20839,64.695305,0.625205,9.999471830728077e-06,True,True
143,3903.161865234375,16.981222,59.272705,60.983253,0.5953642,3887.096435546875,19.44561,59.04902,71.1251,0.6272199,9.999460411389493e-06,True,True
144,3899.329345703125,17.228546,59.214104,65.25569,0.59616387,3888.900146484375,19.408844,59.11056,71.949905,0.6264425,9.999448869927873e-06,False,False
145,3876.555419921875,17.230612,59.04771,66.36828,0.5984303,3908.036865234375,19.246098,59.281506,69.740456,0.62427866,9.999437206343491e-06,False,False
146,3854.673583984375,16.968172,58.895138,63.493748,0.60050285,3877.395263671875,19.417456,59.012768,73.718056,0.6276775,9.999425420636644e-06,True,True
147,3824.234375,16.824472,58.63594,65.718765,0.6040114,3879.97509765625,20.1495,59.035942,80.43773,0.627385,9.999413512807622e-06,False,False
148,3842.552001953125,17.479698,58.78244,70.89485,0.6020303,3820.8828125,19.329737,58.61061,73.65395,0.6327348,9.999401482856714e-06,True,True
149,3818.75830078125,16.76779,58.597916,63.53642,0.60452485,3818.644287109375,19.301603,58.58839,73.55704,0.6330132,9.999389330784219e-06,True,True
150,3818.974365234375,16.77826,58.601437,63.663418,0.6044774,3827.21142578125,20.387928,58.662563,81.409874,0.6320834,9.99937705659044e-06,False,False
151,3849.116455078125,17.574171,58.831543,70.33159,0.6013651,3789.965576171875,19.377153,58.39207,69.19152,0.6354685,9.999364660275675e-06,True,True
152,3792.540771484375,16.663038,58.390377,61.527443,0.60732126,3788.478515625,19.299446,58.394707,69.73799,0.6354356,9.999352141840236e-06,True,False
153,3795.890380859375,16.580177,58.424904,59.92416,0.6068567,3745.313720703125,20.0701,58.051643,82.00677,0.63970655,9.999339501284425e-06,True,True
154,3779.040283203125,17.178373,58.276405,69.35715,0.6088527,3688.0234375,19.22511,57.549095,75.75767,0.64591765,9.999326738608558e-06,True,True
155,3736.776611328125,16.672287,57.93769,66.657295,0.61338633,3687.75390625,18.829102,57.552193,68.51202,0.6458795,9.999313853812948e-06,True,False
156,3743.037109375,16.657022,58.001095,64.192,0.61253965,3657.798583984375,18.98435,57.322594,72.353584,0.6486993,9.999300846897914e-06,True,True
157,3721.518798828125,16.704477,57.820415,66.30276,0.6149499,3662.5,19.510872,57.362312,77.580826,0.6482123,9.999287717863776e-06,False,False
158,3724.00048828125,16.885191,57.83211,68.988785,0.6147941,3634.042236328125,19.020697,57.167427,71.59763,0.65059865,9.999274466710861e-06,True,True
159,3696.203125,16.351307,57.620796,63.933147,0.617604,3635.0234375,19.014233,57.175327,71.509705,0.650502,9.999261093439492e-06,False,False
160,3696.74072265625,16.369936,57.62965,64.000496,0.6174865,3603.323486328125,19.14837,56.898552,74.10769,0.65387756,9.99924759805e-06,True,True
161,3684.897705078125,16.600172,57.530613,66.09596,0.61880004,3555.8203125,18.747776,56.508835,71.70962,0.6586027,9.99923398054272e-06,True,True
162,3672.90478515625,16.318243,57.42827,63.962704,0.6201551,3579.38671875,18.726776,56.706066,70.24006,0.6562154,9.999220240917987e-06,False,False
163,3669.95703125,16.408909,57.406475,63.76778,0.62044334,3593.462890625,18.83804,56.821705,71.17333,0.65481186,9.999206379176136e-06,False,False
164,3644.331787109375,16.215765,57.195576,63.46495,0.623227,3616.175537109375,19.20139,57.03695,73.83666,0.65219176,9.999192395317516e-06,False,False
165,3635.702392578125,16.295263,57.13255,64.6324,0.62405694,3575.690673828125,19.128073,56.7338,73.98646,0.655879,9.999178289342468e-06,False,False
166,3623.972412109375,16.189774,57.04134,64.34778,0.62525636,3525.3984375,19.247215,56.320877,77.148315,0.6608701,9.99916406125134e-06,True,True
167,3610.350341796875,16.318396,56.930115,66.4671,0.6267164,3479.094970703125,18.987123,55.923454,75.488785,0.6656393,9.999149711044482e-06,True,True
168,3601.37939453125,16.272211,56.856853,65.806404,0.6276765,3461.18017578125,18.882647,55.768993,73.70642,0.6674837,9.999135238722251e-06,True,True
169,3592.55322265625,16.280405,56.78511,65.31415,0.6286155,3459.651611328125,18.857927,55.753246,73.551956,0.66767144,9.999120644285005e-06,True,True
170,3595.165771484375,16.284735,56.810017,65.33691,0.6282896,3460.022705078125,19.021126,55.79733,74.65811,0.6671457,9.999105927733102e-06,False,False
171,3613.960205078125,16.293127,56.95861,64.42469,0.62634254,3457.923828125,19.1343,55.781273,76.701805,0.66733724,9.999091089066903e-06,True,False
172,3600.92431640625,16.267282,56.850044,65.58601,0.62776566,3457.178955078125,19.281359,55.779583,74.96678,0.6673574,9.999076128286777e-06,True,False
173,3601.014404296875,16.565031,56.85389,66.99342,0.6277153,3406.42822265625,18.800508,55.353462,71.31027,0.6724204,9.99906104539309e-06,True,True
174,3578.653076171875,16.22544,56.67232,63.57744,0.63008934,3398.2265625,19.446552,55.27341,77.67676,0.67336714,9.99904584038622e-06,True,True
175,3590.942138671875,17.072598,56.774464,71.80522,0.62875473,3387.538330078125,18.836927,55.209652,71.882935,0.6741203,9.99903051326654e-06,True,True
176,3549.818359375,16.124033,56.440678,63.704758,0.63310707,3431.092529296875,19.580547,55.606075,77.55561,0.6694236,9.999015064034423e-06,False,False
177,3583.917236328125,16.94046,56.744972,70.59246,0.6291404,3369.84423828125,19.181807,55.083847,76.668205,0.67560375,9.998999492690257e-06,True,True
178,3542.123046875,16.39419,56.382957,66.62615,0.63385713,3345.130859375,19.041958,54.860737,73.64337,0.67822623,9.998983799234423e-06,True,True
179,3551.20947265625,16.48788,56.451744,66.22863,0.63296324,3344.36181640625,19.001686,54.854374,73.29542,0.6783009,9.998967983667307e-06,True,True
180,3544.214599609375,16.474707,56.398064,66.30426,0.6336609,3408.272216796875,19.640112,55.424477,73.23517,0.67157924,9.998952045989302e-06,False,False
181,3600.6484375,17.29994,56.878586,68.76572,0.6273918,3365.09375,19.179451,55.07596,69.52213,0.6756966,9.998935986200798e-06,False,False
182,3561.643310546875,16.691225,56.55441,65.458466,0.631627,3308.598388671875,18.891928,54.578327,72.84481,0.68153054,9.998919804302195e-06,True,True
183,3544.18408203125,16.575752,56.399567,67.59033,0.6336414,3314.068359375,19.256516,54.64843,77.02788,0.680712,9.998903500293891e-06,False,False
184,3545.178466796875,17.102001,56.415977,72.42076,0.63342816,3334.50439453125,19.257294,54.798332,74.69696,0.6789579,9.998887074176287e-06,False,False
185,3524.23828125,16.52123,56.23042,66.761185,0.63583565,3333.711669921875,19.559818,54.838737,72.31976,0.6784843,9.99887052594979e-06,False,False
186,3545.536376953125,17.05895,56.427452,68.08741,0.6332791,3252.234375,18.91061,54.136333,72.46517,0.6866678,9.998853855614805e-06,True,True
187,3477.21484375,16.22228,55.851696,64.63573,0.64072454,3257.67431640625,19.637327,54.181404,79.609604,0.6861459,9.998837063171749e-06,False,False
188,3512.406982421875,17.131859,56.14895,71.97925,0.63689005,3226.801513671875,18.481392,53.91496,66.84456,0.6892251,9.99882014862103e-06,True,True
189,3479.786865234375,16.01501,55.874672,60.71782,0.6404289,3224.07763671875,18.494078,53.89172,67.17352,0.689493,9.998803111963073e-06,True,True
190,3483.26416015625,16.009039,55.902092,60.72819,0.6400759,3336.49072265625,20.20089,54.794907,82.24938,0.678998,9.99878595319829e-06,False,False
191,3625.119140625,18.098015,57.055595,74.69539,0.625069,3376.3671875,19.28413,55.23616,65.528755,0.67380726,9.998768672327109e-06,False,False
192,3597.497314453125,17.038544,56.86607,60.578453,0.6275557,3285.346923828125,19.18969,54.46124,71.767426,0.68289554,9.998751269349956e-06,False,False
193,3537.347412109375,16.98054,56.362774,64.90875,0.6341193,3286.518798828125,20.511171,54.41122,87.18451,0.6834777,9.998733744267258e-06,False,False
194,3563.20703125,17.792662,56.54289,75.24132,0.63177705,3145.40771484375,18.517294,53.228653,72.62698,0.6970867,9.998716097079452e-06,True,True
195,3426.365234375,16.113922,55.40353,66.4005,0.6464672,3194.97314453125,18.474264,53.70979,66.81596,0.6915859,9.998698327786969e-06,False,False
196,3461.697021484375,16.409178,55.743263,64.513916,0.6421182,3173.247802734375,18.955528,53.530483,73.76618,0.69364166,9.99868043639025e-06,False,False
197,3435.380859375,16.659336,55.5194,69.4044,0.64498687,3186.819091796875,19.783903,53.62277,82.954796,0.69258446,9.998662422889738e-06,False,False
198,3425.34619140625,16.96958,55.4182,74.002,0.64627993,3111.69189453125,18.928726,52.98624,77.76052,0.6998395,9.998644287285872e-06,True,True
199,3385.20703125,16.206945,55.080936,68.83562,0.6505722,3111.611083984375,18.92384,52.98834,77.71407,0.69981575,9.998626029579104e-06,True,False
200,3386.772216796875,16.215773,55.09086,68.763535,0.6504463,3097.577392578125,18.595284,52.875652,72.68649,0.7010911,9.998607649769882e-06,True,True
201,3366.296630859375,15.8174925,54.918716,63.55362,0.65262735,3093.613037109375,18.918528,52.848854,75.54611,0.701394,9.998589147858662e-06,True,True
202,3373.534912109375,16.110212,54.98155,65.744,0.6518321,3086.794189453125,18.87668,52.791073,74.29258,0.70204663,9.998570523845897e-06,True,True
203,3357.56689453125,15.9551325,54.84365,64.427025,0.6535764,3086.32861328125,18.617079,52.79852,70.83119,0.7019626,9.998551777732051e-06,True,False
204,3342.796142578125,15.649983,54.72657,61.58285,0.65505385,3080.607666015625,18.875935,52.756645,74.33432,0.70243514,9.998532909517584e-06,True,True
205,3329.10986328125,15.754637,54.60276,64.39168,0.6566129,3077.997802734375,19.123522,52.740417,77.572014,0.7026181,9.998513919202961e-06,True,True
206,3320.495849609375,15.928343,54.529026,67.0675,0.6575396,3061.713623046875,19.0094,52.614548,76.95791,0.7040359,9.998494806788653e-06,True,True
207,3308.577392578125,15.77643,54.428455,65.859116,0.6588017,3041.35693359375,19.099268,52.442623,79.376396,0.70596695,9.998475572275128e-06,True,True
208,3299.356689453125,15.789355,54.34528,66.735115,0.6598437,3035.683349609375,19.323315,52.39805,82.34707,0.70646656,9.998456215662861e-06,True,True
209,3286.380615234375,15.77237,54.234447,67.62958,0.6612297,3034.795654296875,19.318556,52.38936,82.332565,0.70656395,9.998436736952336e-06,True,True
210,3290.623046875,15.802644,54.272205,67.709526,0.6607579,3034.522705078125,18.502527,52.381668,70.26125,0.7066501,9.998417136144026e-06,True,True
211,3300.302734375,15.432068,54.362587,59.995182,0.659627,3011.89990234375,18.794132,52.17479,74.82225,0.7089626,9.998397413238417e-06,True,True
212,3271.009033203125,15.484577,54.10517,63.601215,0.66284287,2997.461669921875,18.851553,52.018883,76.57669,0.7106993,9.998377568235996e-06,True,True
213,3272.754150390625,15.765809,54.12195,65.98227,0.6626337,2968.09033203125,17.96985,51.74804,67.925575,0.7137041,9.998357601137253e-06,True,True
214,3268.455810546875,15.313868,54.08778,60.56812,0.6630596,2926.288818359375,18.003832,51.35799,70.0847,0.71800375,9.998337511942683e-06,True,True
215,3239.558349609375,15.319403,53.83421,62.574726,0.66621137,2932.474365234375,18.374636,51.398396,74.36947,0.7175598,9.998317300652776e-06,False,False
216,3245.576904296875,15.557113,53.872295,65.47714,0.66573894,2907.912841796875,18.153286,51.236122,70.84649,0.71934044,9.998296967268032e-06,True,True
217,3229.902099609375,15.24515,53.74304,61.861576,0.667341,2894.697021484375,18.384058,51.13033,74.57459,0.72049826,9.998276511788958e-06,True,True
218,3214.745361328125,15.316602,53.617672,63.966625,0.6688912,2879.954833984375,18.811993,50.99778,80.23301,0.7219455,9.998255934216055e-06,True,True
219,3208.890380859375,15.634906,53.568962,68.18527,0.66949254,2881.319580078125,18.844593,51.008904,80.56764,0.7218242,9.99823523454983e-06,False,False
220,3209.995361328125,15.636281,53.57195,68.35278,0.66945565,2990.81787109375,18.208256,52.01009,63.200527,0.7107972,9.998214412790794e-06,False,False
221,3297.646484375,15.73967,54.36276,57.288586,0.6596249,2886.590087890625,18.244127,51.062286,68.43571,0.7212417,9.998193468939462e-06,False,False
222,3227.2265625,15.484154,53.73691,61.775375,0.6674168,2887.414306640625,19.064722,51.03013,78.16098,0.72159266,9.998172402996349e-06,False,False
223,3250.941650390625,16.319416,53.92263,69.64863,0.66511405,2851.846923828125,17.865805,50.73385,68.434784,0.7248161,9.998151214961978e-06,True,True
224,3223.853271484375,15.460979,53.709423,62.431305,0.66775703,2869.160888671875,18.295269,50.918125,73.42447,0.7228135,9.998129904836869e-06,False,False
225,3234.089111328125,15.857112,53.807808,65.74216,0.6665387,2844.2333984375,19.141985,50.729404,82.31054,0.72486436,9.998108472621545e-06,True,True
226,3201.729248046875,16.04874,53.52714,69.96194,0.6700083,2835.800537109375,18.418217,50.634792,73.17509,0.7258897,9.998086918316545e-06,True,True
227,3171.47802734375,15.242686,53.246643,61.97443,0.6734578,2892.118408203125,18.530403,51.168884,70.30058,0.72007656,9.99806524192239e-06,False,False
228,3201.130615234375,15.506162,53.524616,60.82267,0.67003953,2838.779296875,18.941078,50.698524,77.88508,0.7251992,9.99804344343962e-06,False,False
229,3160.63671875,15.631275,53.163563,66.919174,0.674476,2837.09228515625,18.909782,50.682858,77.57786,0.72536904,9.99802152286877e-06,False,False
230,3163.474853515625,15.620765,53.18726,66.87474,0.67418575,2804.513671875,19.132694,50.404583,81.444016,0.72837645,9.997999480210385e-06,True,True
231,3144.493408203125,15.722456,53.02229,69.423256,0.6762037,2800.44287109375,18.792442,50.385338,79.21599,0.7285839,9.997977315465007e-06,True,True
232,3148.995849609375,15.554475,53.068653,66.9055,0.67563725,2789.536376953125,18.48577,50.293034,75.3762,0.7295774,9.99795502863318e-06,True,True
233,3142.48193359375,15.254735,53.00944,63.14391,0.6763607,2785.177001953125,18.900463,50.263237,78.8224,0.72989774,9.99793261971546e-06,True,True
234,3127.923828125,15.422027,52.882805,64.74045,0.67790514,2775.91015625,18.46803,50.149197,73.37135,0.731122,9.997910088712392e-06,True,True
235,3108.199951171875,15.095978,52.704292,60.955048,0.680076,2751.083740234375,18.23934,49.902386,70.79622,0.733762,9.99788743562454e-06,True,True
236,3099.440185546875,15.018619,52.633778,59.732483,0.68093145,2720.031982421875,18.438953,49.60793,75.23591,0.7368947,9.997864660452458e-06,True,True
237,3097.956787109375,15.111114,52.608,63.37653,0.68124396,2718.3837890625,18.536251,49.594578,78.559425,0.73703635,9.997841763196708e-06,True,True
238,3079.521484375,15.266618,52.443745,66.941444,0.6832313,2745.079345703125,18.422165,49.86224,77.80193,0.7341902,9.997818743857858e-06,False,False
239,3070.596923828125,15.2406225,52.37001,66.73839,0.6841214,2743.197021484375,18.461761,49.848034,78.22317,0.73434174,9.997795602436474e-06,False,False
240,3070.470703125,15.23342,52.373096,66.63761,0.6840842,2757.701416015625,18.799759,49.99197,80.09269,0.7328053,9.997772338933127e-06,False,False
241,3069.12109375,15.250424,52.347515,66.705215,0.68439275,2724.7646484375,18.187462,49.678997,72.16178,0.7361403,9.997748953348388e-06,False,False
242,3036.845947265625,14.732669,52.073154,59.99168,0.6876924,2710.224609375,18.326565,49.56051,73.28345,0.73739755,9.99772544568284e-06,True,True
243,3038.626708984375,14.754203,52.08773,59.49105,0.6875175,2706.82080078125,18.775307,49.543823,78.07592,0.7375743,9.997701815937062e-06,True,True
244,3046.4248046875,14.980272,52.15161,62.49268,0.68675053,2692.684326171875,18.105478,49.414402,71.58458,0.7389436,9.997678064111631e-06,True,True
245,3033.672607421875,14.605085,52.0459,59.076626,0.6880192,2693.818603515625,18.373764,49.455223,74.805046,0.73851204,9.99765419020714e-06,False,False
246,3010.994384765625,14.708688,51.840992,61.497,0.69047093,2691.0771484375,18.84356,49.444706,79.72471,0.73862326,9.997630194224173e-06,True,False
247,3013.113037109375,15.049238,51.857613,65.14925,0.6902724,2666.68310546875,18.073912,49.188534,71.23339,0.74132466,9.997606076163328e-06,True,True
248,3004.689208984375,14.708999,51.79381,60.275196,0.6910341,2642.0224609375,18.447788,48.94579,76.68172,0.74387145,9.997581836025194e-06,True,True
249,2995.4853515625,14.78326,51.699837,63.14662,0.6921542,2634.544921875,18.342016,48.86173,75.964745,0.74475044,9.997557473810373e-06,True,True
250,2994.863525390625,14.799401,51.69369,63.365383,0.6922274,2613.515869140625,18.081919,48.656307,74.075195,0.7468921,9.997532989519462e-06,True,True
251,2979.949462890625,14.6007805,51.556755,61.98544,0.6938558,2617.467529296875,18.112402,48.70554,74.18184,0.74637973,9.99750838315307e-06,False,False
252,2982.104248046875,14.671135,51.57743,62.22195,0.69361025,2607.048828125,18.09084,48.606857,74.32764,0.74740636,9.997483654711801e-06,True,True
253,2976.44970703125,14.699518,51.53193,62.80931,0.69415057,2581.10205078125,17.738955,48.34182,70.45371,0.7501535,9.99745880419627e-06,True,True
254,2955.994873046875,14.462955,51.351315,60.51389,0.6962908,2534.357666015625,17.709595,47.88233,70.651695,0.7548805,9.99743383160708e-06,True,True
255,2956.86328125,14.589546,51.358387,61.802536,0.69620717,2527.808837890625,17.73272,47.819332,71.06614,0.75552505,9.997408736944858e-06,True,True
256,2942.312744140625,14.672903,51.229557,62.83938,0.6977293,2559.14404296875,17.662802,48.146328,68.53696,0.75217015,9.997383520210215e-06,False,False
257,2948.322021484375,14.601971,51.291866,60.92759,0.6969936,2529.885986328125,18.036932,47.88379,74.909256,0.7548655,9.99735818140378e-06,False,False
258,2929.073974609375,14.777694,51.116833,65.01308,0.69905806,2511.61328125,18.040976,47.71717,75.467514,0.75656855,9.997332720526175e-06,True,True
259,2919.3759765625,14.59743,51.019398,63.81713,0.70020425,2512.228271484375,18.060703,47.725624,75.67404,0.7564823,9.997307137578026e-06,False,False
260,2923.832763671875,14.604035,51.05982,63.869827,0.69972897,2541.522705078125,18.094954,48.02065,74.9159,0.7534623,9.997281432559968e-06,False,False
261,2914.8408203125,14.543201,50.98286,62.26774,0.7006334,2518.448486328125,18.433258,47.80262,78.058716,0.75569594,9.997255605472636e-06,False,False
262,2919.491943359375,14.739406,51.020016,64.646706,0.700197,2478.99560546875,17.65007,47.394047,70.4649,0.75985426,9.99722965631666e-06,True,True
263,2894.9453125,14.386863,50.800552,60.69924,0.70277065,2478.593017578125,17.749256,47.407383,71.61815,0.7597191,9.997203585092689e-06,True,False
264,2888.14111328125,14.494479,50.738712,62.0691,0.70349383,2482.278564453125,17.706005,47.445324,71.78164,0.7593343,9.99717739180136e-06,False,False
265,2880.118896484375,14.495613,50.66846,62.5231,0.70431435,2478.364501953125,17.499556,47.40906,69.81605,0.759702,9.997151076443323e-06,True,False
266,2874.423583984375,14.379959,50.620102,61.252506,0.7048785,2479.554931640625,18.043947,47.441635,75.88873,0.75937176,9.997124639019226e-06,False,False
267,2875.966552734375,14.556875,50.62726,63.826996,0.704795,2451.646484375,17.623346,47.16732,71.199234,0.7621464,9.997098079529722e-06,True,True
268,2856.579833984375,14.315986,50.4552,60.529934,0.7067982,2440.52001953125,17.575048,47.045807,70.88885,0.76337034,9.997071397975468e-06,True,True
269,2849.436279296875,14.328782,50.382458,61.750595,0.7076429,2441.732177734375,17.53418,47.052074,70.49535,0.7633073,9.997044594357117e-06,False,False
270,2848.470458984375,14.339292,50.379784,61.671238,0.707674,2443.0927734375,17.367792,47.073044,66.81825,0.7630963,9.997017668675335e-06,False,False
271,2856.3515625,14.245948,50.454906,58.73242,0.70680153,2419.274169921875,17.640322,46.837635,71.73985,0.76545984,9.996990620930782e-06,True,True
272,2855.2939453125,14.470647,50.43346,62.28088,0.70705074,2470.602294921875,17.578506,47.337265,70.52954,0.7604293,9.99696345112413e-06,False,False
273,2845.662353515625,14.30957,50.357204,60.15808,0.707936,2449.960693359375,17.964746,47.136444,75.29108,0.7624577,9.996936159256049e-06,False,False
274,2843.341552734375,14.590228,50.33414,63.86823,0.70820343,2474.97412109375,17.338688,47.368744,66.277626,0.7601106,9.996908745327212e-06,False,False
275,2842.671875,14.2900095,50.32807,58.060966,0.70827377,2403.652587890625,17.725044,46.645397,73.53667,0.76738113,9.99688120933829e-06,True,True
276,2817.871826171875,14.586126,50.10167,64.11707,0.71089256,2384.985107421875,17.137579,46.463455,68.854836,0.7691923,9.99685355128997e-06,True,True
277,2820.219482421875,14.264967,50.122826,61.460667,0.71064836,2409.559814453125,17.465866,46.716137,72.378716,0.76667506,9.996825771182931e-06,False,False
278,2813.530029296875,14.410072,50.061665,64.10221,0.7113541,2417.138427734375,17.278082,46.806004,68.448555,0.7657765,9.99679786901786e-06,False,False
279,2798.26904296875,14.164576,49.921707,61.09559,0.7129658,2417.565673828125,17.332144,46.814857,69.04358,0.7656879,9.996769844795441e-06,False,False
280,2800.501220703125,14.175137,49.940605,61.131042,0.7127484,2380.715576171875,17.927645,46.439537,76.54293,0.7694298,9.99674169851637e-06,True,True
281,2814.03466796875,14.907638,50.07645,67.098236,0.71118355,2531.260986328125,17.522104,47.956486,62.443153,0.75412065,9.99671343018134e-06,False,False
282,2878.216796875,14.820075,50.681034,54.80315,0.7041676,2413.671875,18.321081,46.79772,75.678696,0.76585937,9.996685039791049e-06,False,False
283,2831.43505859375,14.954918,50.230137,63.846462,0.70940804,2397.655517578125,17.840677,46.635838,72.74309,0.76747644,9.996656527346198e-06,False,False
284,2811.95703125,14.812993,50.061184,63.03197,0.7113596,2429.248779296875,17.534931,46.962368,69.395226,0.764209,9.99662789284749e-06,False,False
285,2797.052734375,14.445017,49.941383,60.622467,0.71273947,2406.340087890625,18.081217,46.73249,73.18269,0.7665117,9.99659913629563e-06,False,False
286,2797.392333984375,14.961801,49.94041,65.29597,0.7127507,2418.28515625,17.563866,46.85696,65.22331,0.76526624,9.996570257691329e-06,False,False
287,2802.3857421875,14.549243,49.983727,58.42158,0.71225214,2360.468017578125,18.316822,46.31106,78.57073,0.7707038,9.9965412570353e-06,True,True
288,2790.462646484375,15.004618,49.872105,68.45842,0.7135359,2378.07958984375,17.604246,46.474785,73.97031,0.76907974,9.996512134328252e-06,False,False
289,2759.751708984375,14.467289,49.58284,64.85456,0.7168493,2376.40380859375,17.62112,46.46402,74.081604,0.7691867,9.996482889570917e-06,False,False
290,2752.744384765625,14.482103,49.525597,64.768616,0.7175027,2313.891845703125,18.118525,45.85456,77.2925,0.775202,9.996453522764008e-06,True,True
291,2801.929931640625,15.225914,49.987236,68.02944,0.7122117,2448.299560546875,17.50089,47.186626,63.539185,0.7619516,9.996424033908247e-06,False,False
292,2814.811279296875,14.607419,50.10341,54.723785,0.71087253,2452.28076171875,18.610712,47.281403,77.45776,0.76099443,9.996394423004368e-06,False,False
293,2807.24072265625,15.142257,50.031353,62.04747,0.71170354,2269.068603515625,17.737226,45.40416,73.985504,0.77959645,9.996364690053098e-06,True,True
294,2749.2490234375,14.595054,49.489407,61.168427,0.7179154,2297.1162109375,17.527433,45.685596,69.73554,0.77685565,9.99633483505517e-06,False,False
295,2753.98681640625,14.577578,49.528187,61.18752,0.71747315,2464.79248046875,18.206656,47.384426,76.077446,0.7599517,9.996304858011325e-06,False,False
296,2751.632568359375,15.031403,49.528286,66.90757,0.7174721,2393.890380859375,17.768822,46.68502,72.33846,0.7669858,9.996274758922298e-06,False,False
297,2738.851318359375,14.635445,49.404,64.28692,0.7188882,2332.470703125,17.725151,46.071964,71.264114,0.7730653,9.996244537788834e-06,False,False
298,2724.184326171875,14.633017,49.27228,63.493103,0.7203852,2372.417724609375,17.697363,46.450718,73.11452,0.7693188,9.996214194611679e-06,False,False
299,2725.935302734375,14.556463,49.280323,64.44793,0.7202939,2378.837158203125,17.705976,46.517384,73.07867,0.7686562,9.99618372939158e-06,False,False
300,2727.187744140625,14.590991,49.292152,64.41012,0.72015965,2360.531982421875,17.647348,46.314465,75.28813,0.7706701,9.996153142129288e-06,False,False
301,2754.591796875,14.882675,49.552235,67.03676,0.7171988,2373.192138671875,18.39264,46.43467,83.46949,0.7694782,9.996122432825561e-06,False,False
302,2725.497802734375,15.248103,49.276268,72.151146,0.7203399,2478.810546875,17.64119,47.48993,65.548805,0.7588816,9.996091601481155e-06,False,False
303,2745.385986328125,14.803879,49.48468,59.989975,0.7179693,2407.5166015625,17.748625,46.76153,68.962814,0.7662214,9.996060648096829e-06,False,False
304,2706.7138671875,14.601676,49.10837,61.76657,0.7222425,2352.89111328125,17.753996,46.213448,73.534096,0.77166945,9.99602957267335e-06,False,False
305,2705.930419921875,14.702571,49.089397,65.26297,0.72245705,2478.30126953125,17.68434,47.450573,71.01279,0.75928104,9.995998375211482e-06,False,False
306,2689.771728515625,14.233762,48.953285,60.498768,0.72399396,2469.37353515625,18.333303,47.40351,76.995926,0.75975835,9.995967055711998e-06,False,False
307,2662.814453125,14.291425,48.707703,62.137897,0.72675633,2388.133544921875,17.987154,46.584957,74.414246,0.76798356,9.995935614175666e-06,False,False
308,2650.552490234375,14.234157,48.569614,61.298496,0.72830343,2396.456787109375,17.533064,46.65353,70.31233,0.7673,9.995904050603262e-06,False,False
309,2650.390380859375,14.200833,48.576538,60.19924,0.72822595,2401.647705078125,17.565556,46.708508,70.62097,0.7667512,9.995872364995576e-06,False,False
310,2651.08935546875,14.21256,48.58133,60.21065,0.72817236,2588.533447265625,20.46349,48.53037,93.97167,0.7482007,9.995840557353374e-06,False,False
311,2801.421875,16.668558,49.996555,78.30137,0.71210444,2645.63671875,18.02151,49.089287,60.203564,0.7423674,9.99580862767745e-06,False,False
312,2953.509521484375,16.047611,51.43359,56.953655,0.6953168,2420.800537109375,17.971813,46.89753,67.10621,0.7648596,9.995776575968588e-06,False,False
313,2724.123779296875,15.353674,49.310734,62.435486,0.7199486,2677.246337890625,19.830807,49.356514,82.38243,0.7395548,9.995744402227585e-06,False,False
314,3010.8017578125,16.902283,51.85328,70.175385,0.6903242,2567.958984375,18.051607,48.327778,64.34806,0.7502986,9.995712106455226e-06,False,False
315,2944.434326171875,16.374851,51.363384,59.194195,0.69614804,2460.716796875,18.191555,47.326664,72.03055,0.7605366,9.995679688652315e-06,False,False
316,3003.393798828125,16.419992,51.87869,64.07876,0.6900207,2720.248779296875,22.432426,49.997513,103.40072,0.73274606,9.99564714881965e-06,False,False
317,3003.79248046875,19.093767,51.979725,87.896286,0.688812,2537.199951171875,19.37682,48.147728,80.55973,0.7521557,9.995614486958031e-06,False,False
318,2769.59228515625,15.731534,49.757515,68.4156,0.7148508,2496.010498046875,19.480267,47.76627,77.754524,0.7560673,0.0,False,False
319,2849.836181640625,17.530277,50.566307,77.97378,0.7055054,2494.34765625,19.456553,47.74897,77.24279,0.756244,9.995548797151164e-06,False,False
320,2859.1484375,17.566872,50.638264,78.0805,0.7046667,2606.843017578125,19.204557,48.810055,78.78319,0.74529004,9.995515769207535e-06,False,False
321,2791.1455078125,16.768726,50.01212,74.371124,0.71192515,2630.89697265625,20.759205,49.004498,95.092285,0.7432566,9.9954826192382e-06,False,False
322,2839.257080078125,18.076202,50.48209,90.74931,0.7064855,2570.791015625,20.909157,48.439453,97.01597,0.74914324,9.99544934724397e-06,False,False
323,2867.247314453125,18.116821,50.73138,89.14581,0.70357955,2458.022216796875,18.539967,47.335693,76.165184,0.76044524,9.99541595322567e-06,False,False
